gene_id	pfam_ids	go_ids	bin_id
GML000001		NA	100
GML000002		NA	100
GML000003		NA	100
GML000004		NA	100
GML000005		NA	100
GML000006		NA	100
GML000007		NA	100
GML000008	PF05786.20,PF05786.20	GO:0000796,GO:0007076	100
GML000009	PF00294.30	NA	100
GML000010		NA	100
GML000011		NA	100
GML000012	PF00400.39,PF00400.39,PF00400.39,PF04158.20	GO:0005515	100
GML000013	PF08433.17	NA	100
GML000014		NA	100
GML000015		NA	100
GML000016		NA	100
GML000017		NA	100
GML000018		NA	100
GML000019		NA	100
GML000020	PF00270.36,PF00271.38,PF03129.26,PF03129.26,PF03129.26,PF04851.22	GO:0003676,GO:0003677,GO:0005524,GO:0016787	4
GML000021	PF00270.36,PF00271.38,PF03031.25,PF03031.25,PF04851.22	GO:0003676,GO:0003677,GO:0005524,GO:0016787	4
GML000022		NA	100
GML000023		NA	100
GML000024		NA	100
GML000025	PF01172.25	NA	100
GML000026	PF00466.26,PF00466.26,PF00466.26,PF17777.7,PF17777.7,PF17777.7	NA	100
GML000027	PF26557.1	NA	100
GML000028	PF00069.32,PF00069.32,PF00130.29,PF00130.29,PF00433.30,PF00433.30,PF07714.24,PF07714.24,PF12330.15,PF12330.15	GO:0004672,GO:0004674,GO:0005524,GO:0006468	3
GML000029		NA	100
GML000030		NA	100
GML000031	PF00226.37,PF00226.37,PF03839.22,PF03839.22,PF03839.22,PF05020.21,PF05021.21,PF23302.2,PF23302.2	GO:0005789,GO:0015031	6
GML000032	PF00226.37,PF00226.37,PF05020.21,PF05021.21,PF23302.2,PF23302.2	NA	100
GML000033	PF05020.21,PF05021.21	NA	100
GML000034		NA	100
GML000035	PF13640.13,PF13640.13	NA	100
GML000036		NA	100
GML000037		NA	100
GML000038	PF00176.30,PF00270.36,PF00271.38,PF04851.22	GO:0003676,GO:0003677,GO:0005524,GO:0016787	4
GML000039		NA	100
GML000040	PF00230.26,PF00230.26	GO:0015267,GO:0016020,GO:0055085	6
GML000041	PF00400.39,PF00400.39,PF00400.39,PF00400.39,PF00400.39,PF00400.39,PF00400.39,PF00400.39,PF12265.15,PF12265.15	GO:0005515	100
GML000042	PF00226.37,PF00684.26,PF01556.24	GO:0031072,GO:0051082	100
GML000043		NA	100
GML000044		NA	100
GML000045		NA	100
GML000046	PF00004.36,PF07728.21,PF16450.12,PF17862.8	GO:0005524,GO:0016887	8
GML000047		NA	100
GML000048	PF17003.13	NA	100
GML000049		NA	100
GML000050		NA	100
GML000051		NA	100
GML000052		NA	100
GML000053	PF00248.28,PF00248.28	NA	100
GML000054	PF04729.20,PF04729.20	GO:0005634,GO:0006325	100
GML000055		NA	100
GML000056	PF00044.31,PF00044.31,PF02800.27,PF02800.27	GO:0016620,GO:0051287	8
GML000057		NA	100
GML000058	PF00240.30	GO:0005515	100
GML000059		NA	100
GML000060		NA	100
GML000061		NA	100
GML000062		NA	100
GML000063		NA	100
GML000064		NA	100
GML000065		NA	100
GML000066	PF05172.20,PF14605.13	NA	100
GML000067	PF17008.11	NA	100
GML000068		NA	100
GML000069		NA	100
GML000070	PF00240.30,PF11976.15	GO:0005515	100
GML000071	PF00097.32,PF12678.14,PF12861.14,PF13639.13,PF13923.13,PF17123.12	GO:0005680,GO:0008270,GO:0031145,GO:0046872,GO:0061630,GO:0097602	5
GML000072	PF00617.25	GO:0005085,GO:0007264	3
GML000073	PF05719.17	GO:0070273	100
GML000074		NA	100
GML000075		NA	100
GML000076		NA	100
GML000077		NA	100
GML000078		NA	100
GML000079		NA	100
GML000080	PF00634.24,PF00634.24,PF09103.17	GO:0000724	3
GML000081		NA	100
GML000082	PF02714.21,PF02714.21,PF13967.12,PF13967.12,PF14703.13,PF14703.13	GO:0016020	100
GML000083		NA	100
GML000084	PF00027.36,PF00027.36,PF00328.28,PF00328.28	NA	100
GML000085	PF00076.29,PF00076.29,PF00535.33,PF00535.33,PF01656.30,PF01656.30,PF01656.30,PF01656.30,PF02374.22,PF02374.22,PF02374.22,PF10609.16,PF10609.16,PF10609.16,PF10609.16	GO:0003723	4
GML000086	PF01131.26,PF01751.29,PF06839.18,PF06839.18	GO:0003677,GO:0003916,GO:0006265,GO:0008270	4
GML000087		NA	100
GML000088	PF03366.23,PF20305.5	NA	100
GML000089	PF08512.19,PF08512.19,PF17292.9,PF17292.9,PF21103.4,PF21103.4	NA	100
GML000090		NA	100
GML000091	PF00170.27,PF00170.27,PF07716.21,PF07716.21	GO:0003700,GO:0006355	3
GML000092	PF13639.13	NA	100
GML000093	PF00176.30,PF00271.38	GO:0005524	100
GML000094	PF00400.39,PF00400.39,PF00400.39,PF02045.22,PF02045.22,PF17014.11,PF17014.11,PF24807.2	GO:0003700,GO:0005515,GO:0006355	3
GML000095	PF00004.36	GO:0005524,GO:0016887	8
GML000096	PF09729.16	NA	100
GML000097	PF00226.37	NA	100
GML000098		NA	100
GML000099		NA	100
GML000100		NA	100
GML000101		NA	100
GML000102		NA	100
GML000103	PF02121.26,PF02121.26	NA	100
GML000104	PF00270.36,PF00271.38,PF04851.22	GO:0003676,GO:0003677,GO:0005524,GO:0016787	4
GML000105	PF10104.15,PF10104.15	GO:0031965,GO:0055088	100
GML000106	PF01157.25,PF01981.22,PF01981.22	GO:0003735,GO:0004045,GO:0005840,GO:0006412	4
GML000107	PF01157.25	GO:0003735,GO:0005840,GO:0006412	4
GML000108	PF01479.31	GO:0003723	4
GML000109		NA	100
GML000110		NA	100
GML000111	PF00152.26,PF00152.26	GO:0000166,GO:0004812,GO:0005524,GO:0006418	8
GML000112		NA	100
GML000113	PF00439.31,PF00583.32	GO:0005515,GO:0016747	8
GML000114		NA	100
GML000115		NA	100
GML000116	PF05739.27	NA	100
GML000117	PF06026.21	GO:0004751,GO:0009052	8
GML000118	PF06978.17,PF06978.17	NA	100
GML000119	PF00400.39,PF00400.39,PF00400.39,PF00400.39,PF00400.39,PF00400.39,PF00400.39,PF00400.39,PF00400.39,PF00400.39,PF00400.39,PF00400.39,PF00400.39,PF00400.39,PF04494.21,PF04494.21,PF04494.21	GO:0005515	100
GML000120		NA	100
GML000121	PF00069.32,PF07714.24	GO:0004672,GO:0005524,GO:0006468	3
GML000122	PF03177.21,PF03177.21,PF08801.18	NA	100
GML000123	PF27562.1,PF29300.1	NA	100
GML000124	PF02966.23	GO:0000398,GO:0046540	8
GML000125	PF12861.14,PF12861.14,PF13639.13,PF13639.13,PF23009.2,PF23009.2	GO:0005680,GO:0008270,GO:0031145,GO:0061630,GO:0097602	5
GML000126	PF00579.32	GO:0000166,GO:0004812,GO:0005524,GO:0006418	8
GML000127		NA	100
GML000128	PF01163.29,PF01163.29,PF01163.29,PF01163.29,PF03874.22,PF03874.22	GO:0003824,GO:0005524,GO:0006352,GO:0030880	8
GML000129	PF00982.28,PF00982.28,PF02358.23,PF02358.23,PF08282.19,PF08282.19	GO:0003824,GO:0005992	8
GML000130		NA	100
GML000131		NA	100
GML000132	PF00705.24,PF02747.21	GO:0003677,GO:0006275	4
GML000133	PF01472.27,PF01509.24,PF08068.18,PF16198.11	GO:0003723,GO:0006396	4
GML000134	PF00400.39,PF00400.39	GO:0005515	100
GML000135		NA	100
GML000136		NA	100
GML000137	PF00025.28,PF00071.29,PF01926.30,PF02257.22,PF08477.20	GO:0003677,GO:0003924,GO:0005525,GO:0006355	4
GML000138	PF01926.30,PF01926.30,PF01926.30,PF01926.30,PF02421.25,PF06858.21,PF17835.7	GO:0005525	100
GML000139	PF01926.30,PF01926.30,PF02421.25,PF02421.25,PF06858.21,PF06858.21,PF08155.17,PF17835.7,PF17835.7	GO:0005525	100
GML000140		NA	100
GML000141		NA	100
GML000142	PF00136.27,PF00136.27	GO:0000166,GO:0003677	4
GML000143	PF00620.33	GO:0007165	3
GML000144	PF02732.22	GO:0003677	4
GML000145		NA	100
GML000146	PF13516.13	GO:0005515	100
GML000147	PF13516.13	GO:0005515	100
GML000148		NA	100
GML000149	PF00342.25	GO:0004347,GO:0006094,GO:0006096	8
GML000150	PF01092.25	GO:0003735,GO:0005840,GO:0006412	4
GML000151		NA	100
GML000152	PF12874.14	NA	100
GML000153	PF00833.24	GO:0003735,GO:0005840,GO:0006412	4
GML000154	PF00749.28	GO:0004812,GO:0005524,GO:0043039	8
GML000155	PF00632.31	GO:0004842	5
GML000156	PF05175.21,PF12271.15	GO:0008168	8
GML000157	PF00575.30,PF07541.18	GO:0003676,GO:0003723,GO:0003743	4
GML000158	PF00149.34,PF00149.34,PF01066.27	GO:0008654,GO:0016020,GO:0016780,GO:0016787	8
GML000159		NA	100
GML000160	PF17013.12	NA	100
GML000161		NA	100
GML000162		NA	100
GML000163		NA	100
GML000164		NA	100
GML000165		NA	100
GML000166		NA	100
GML000167		NA	100
GML000168	PF00211.26	GO:0009190,GO:0035556	3
GML000169	PF01592.22	GO:0005506,GO:0016226,GO:0051536	100
GML000170	PF00149.34,PF16891.11	GO:0016787	8
GML000171	PF00587.31,PF00587.31,PF03129.26,PF03129.26,PF08662.18,PF09180.17,PF09180.17	GO:0000166,GO:0004812,GO:0004827,GO:0005524,GO:0005737,GO:0006418,GO:0006433	8
GML000172	PF08662.18	NA	100
GML000173	PF00635.33	NA	100
GML000174		NA	100
GML000175		NA	100
GML000176	PF00562.34,PF04560.26,PF04561.20,PF04563.21,PF04565.22,PF04566.19,PF04567.23	GO:0003677,GO:0003899,GO:0006351	4
GML000177		NA	100
GML000178	PF00226.37,PF03223.21,PF03223.21	GO:0033180,GO:0046961,GO:1902600	6
GML000179	PF03223.21	GO:0033180,GO:0046961,GO:1902600	6
GML000180	PF12906.14	GO:0008270	100
GML000181	PF00676.26	GO:0016624	8
GML000182		NA	100
GML000183	PF01193.30,PF13656.12	GO:0003899,GO:0006351,GO:0046983	8
GML000184	PF00009.34,PF00009.34,PF00009.34,PF09173.18,PF09173.18,PF09173.18	GO:0003924,GO:0005525	8
GML000185		NA	100
GML000186		NA	100
GML000187	PF00004.36	GO:0005524,GO:0016887	8
GML000188	PF03600.23,PF03600.23,PF17903.8,PF17903.8,PF17903.8,PF21800.5,PF21800.5,PF21800.5	GO:0016020,GO:0055085	6
GML000189	PF03540.20,PF03540.20	GO:0005634,GO:0006352	8
GML000190	PF00154.28,PF00154.28,PF08423.18,PF08423.18,PF13481.13,PF13481.13	NA	100
GML000191		NA	100
GML000192	PF01201.28	NA	100
GML000193	PF00493.30,PF00493.30,PF01078.28,PF01078.28,PF07728.21,PF07728.21,PF17207.10,PF17207.10,PF17855.8,PF17855.8,PF25051.2,PF25051.2	GO:0003677,GO:0005524,GO:0016887	4
GML000194		NA	100
GML000195		NA	100
GML000196	PF04810.21,PF04811.22,PF04815.21,PF08033.18	GO:0006886,GO:0006888,GO:0008270,GO:0030127	6
GML000197	PF03372.30,PF12799.14,PF12799.14,PF13855.13	GO:0003824,GO:0005515	8
GML000198	PF01251.24,PF01251.24	GO:0003735,GO:0005840,GO:0006412	4
GML000199		NA	100
GML000200	PF00752.24,PF00867.24	GO:0004518	8
GML000201	PF00249.38,PF00249.38,PF00249.38,PF13921.13,PF13921.13,PF13921.13	NA	100
GML000202	PF00012.27,PF06723.20	GO:0005524,GO:0016887	8
GML000203	PF01412.24	GO:0005096	100
GML000204	PF00338.28	NA	100
GML000205	PF00808.30	NA	100
GML000206	PF00583.32,PF00583.32,PF00583.32,PF03834.22,PF03834.22,PF03834.22,PF13508.14,PF13508.14,PF13508.14,PF13673.14,PF13673.14,PF13673.14	GO:0016747	8
GML000207	PF00814.32,PF01522.27,PF22521.3	GO:0005975,GO:0016810	8
GML000208		NA	100
GML000209		NA	100
GML000210		NA	100
GML000211	PF00117.35,PF03167.26,PF06418.21,PF07722.20	GO:0003883,GO:0006221,GO:0016787	8
GML000212	PF00225.30,PF00225.30,PF16796.12,PF16796.12	GO:0003777,GO:0005524,GO:0007018,GO:0008017	7
GML000213	PF03178.22,PF03178.22,PF03178.22,PF03178.22,PF23726.2,PF23726.2,PF23726.2,PF23726.2	GO:0003676,GO:0005634	4
GML000214	PF00226.37,PF08704.17	NA	100
GML000215	PF01896.26	GO:0003899,GO:0006269	8
GML000216		NA	100
GML000217		NA	100
GML000218	PF00583.32,PF00583.32,PF13181.13,PF13508.14,PF13508.14,PF13673.14,PF13673.14	GO:0005515,GO:0016747	8
GML000219		NA	100
GML000220	PF01743.27,PF01743.27	GO:0003723,GO:0006396,GO:0016779	4
GML000221	PF08161.19	NA	100
GML000222	PF01411.25,PF01411.25,PF07973.20,PF07973.20	GO:0000166,GO:0004812,GO:0004813,GO:0005524,GO:0006419,GO:0043039	8
GML000223		NA	100
GML000224	PF07992.21,PF12842.13,PF12842.13,PF12842.13,PF16415.12,PF16415.12,PF16415.12,PF16417.12,PF16417.12,PF16417.12,PF25097.2,PF25097.2,PF25097.2	GO:0016491	8
GML000225	PF13177.13,PF22534.3	NA	100
GML000226		NA	100
GML000227	PF05179.21	NA	100
GML000228	PF17028.11,PF17028.11	NA	100
GML000229		NA	100
GML000230	PF00004.36,PF00004.36,PF01078.28,PF05496.19,PF05496.19,PF06068.20,PF08542.17,PF13177.13,PF13177.13,PF17856.8	GO:0005524,GO:0006281,GO:0006310,GO:0009378,GO:0016887	3
GML000231	PF07524.20,PF10406.15	NA	100
GML000232		NA	100
GML000233		NA	100
GML000234		NA	100
GML000235		NA	100
GML000236	PF00962.29,PF19326.6	GO:0003876,GO:0019239,GO:0032264	8
GML000237	PF00493.30,PF00493.30,PF00493.30,PF01078.28,PF01078.28,PF01078.28,PF07728.21,PF17207.10,PF17207.10,PF17207.10,PF17855.8,PF17855.8,PF17855.8	GO:0003677,GO:0005524,GO:0016887	4
GML000238	PF08313.18	NA	100
GML000239	PF13638.13,PF13638.13	NA	100
GML000240	PF00005.34,PF00005.34,PF00664.29,PF00664.29	GO:0005524,GO:0016020,GO:0016887,GO:0055085,GO:0140359	6
GML000241		NA	100
GML000242		NA	100
GML000243	PF03810.26,PF08389.19,PF08767.18,PF18777.8,PF18784.7,PF18787.8	GO:0005049,GO:0006886,GO:0031267	6
GML000244	PF00298.25,PF03946.20	GO:0003735,GO:0005840,GO:0006412	4
GML000245		NA	100
GML000246		NA	100
GML000247	PF00632.31,PF00632.31	GO:0004842	5
GML000248	PF00004.36,PF17862.8,PF21236.4	GO:0005524,GO:0016887	8
GML000249		NA	100
GML000250	PF00076.29	GO:0003723	4
GML000251	PF00454.34,PF02260.26	GO:0005515	100
GML000252	PF00006.32,PF02874.30,PF16886.12,PF22919.2	GO:0005524,GO:0046034,GO:1902600	6
GML000253		NA	100
GML000254	PF00899.28	NA	100
GML000255	PF00583.32,PF00583.32,PF01233.26,PF01233.26,PF02799.22,PF02799.22	GO:0004379,GO:0016747	8
GML000256		NA	100
GML000257	PF01490.25,PF01490.25	NA	100
GML000258		NA	100
GML000259		NA	100
GML000260	PF00204.32,PF00521.27,PF01751.29,PF02518.32,PF16898.11	GO:0003677,GO:0003918,GO:0005524,GO:0006265	4
GML000261	PF01398.27,PF01398.27,PF01398.27,PF13012.12,PF13012.12,PF13012.12	GO:0005515,GO:0008233,GO:0008237	8
GML000262		NA	100
GML000263	PF17017.12,PF17017.12,PF17017.12	NA	100
GML000264	PF00447.24	GO:0003700,GO:0006355,GO:0043565	3
GML000265		NA	100
GML000266		NA	100
GML000267	PF00454.34,PF00454.34,PF02260.26,PF02260.26,PF23593.2,PF23593.2	GO:0005515	100
GML000268		NA	100
GML000269		NA	100
GML000270	PF00136.27,PF03104.26,PF14260.12,PF24055.3	GO:0000166,GO:0003677	4
GML000271	PF00318.26,PF00318.26,PF00318.26	GO:0003735,GO:0005840,GO:0006412	4
GML000272		NA	100
GML000273	PF00534.27,PF00534.27,PF13692.13,PF13692.13,PF21269.4,PF21269.4,PF27036.1,PF27036.1	GO:0016757	8
GML000274	PF00534.27,PF00534.27,PF13692.13,PF13692.13,PF21269.4,PF21269.4,PF27036.1,PF27036.1	GO:0016757	8
GML000275	PF04034.19	NA	100
GML000276		NA	100
GML000277	PF06732.17,PF06732.17	GO:0005730,GO:0042254	100
GML000278	PF01529.26,PF01529.26	GO:0016409	8
GML000279	PF00850.25	NA	100
GML000280		NA	100
GML000281	PF00097.32,PF13639.13,PF13923.13,PF17123.12	GO:0046872	100
GML000282	PF05178.18,PF12936.13	NA	100
GML000283		NA	100
GML000284	PF00009.34,PF00025.28,PF00071.29,PF01926.30,PF04670.19,PF08477.20	GO:0003924,GO:0005525	8
GML000285		NA	100
GML000286	PF04042.22	GO:0003677,GO:0006260	4
GML000287	PF01302.32	NA	100
GML000288	PF01336.32,PF01336.32,PF08646.17,PF08646.17,PF16900.12,PF16900.12	GO:0003676	4
GML000289	PF23122.2	NA	100
GML000290	PF00642.31,PF00642.31,PF16543.11,PF16543.11	GO:0046872	100
GML000291	PF00400.39,PF00400.39,PF00400.39,PF00400.39,PF00400.39,PF00400.39,PF00400.39,PF00400.39,PF00439.31,PF00439.31,PF00439.31,PF00439.31	GO:0005515	100
GML000292	PF00366.27,PF16205.11	GO:0003735,GO:0005840,GO:0006412	4
GML000293	PF00179.32	NA	100
GML000294	PF17781.8	NA	100
GML000295	PF00004.36,PF00004.36,PF00004.36,PF00004.36,PF13401.13,PF13401.13	GO:0005524,GO:0016887	8
GML000296	PF01777.26	GO:0003735,GO:0005840,GO:0006412	4
GML000297	PF01764.32	GO:0006629	8
GML000298	PF01096.24,PF01096.24,PF07500.20,PF07500.20	GO:0003676,GO:0006351,GO:0008270	4
GML000299		NA	100
GML000300	PF00069.32,PF00069.32,PF00176.30,PF00270.36,PF00271.38,PF00439.31,PF01636.30,PF04851.22,PF07714.24,PF07714.24,PF11496.15	GO:0003676,GO:0003677,GO:0004672,GO:0005515,GO:0005524,GO:0006468,GO:0016787,GO:0070823	3
GML000301	PF00176.30,PF00270.36,PF00271.38,PF00439.31,PF04851.22,PF11496.15	GO:0003676,GO:0003677,GO:0005515,GO:0005524,GO:0016787,GO:0070823	4
GML000302	PF06093.20	NA	100
GML000303		NA	100
GML000304	PF00069.32,PF04658.19,PF04658.19,PF07714.24	GO:0004672,GO:0005524,GO:0005669,GO:0006367,GO:0006468	3
GML000305		NA	100
GML000306		NA	100
GML000307	PF00382.25,PF00382.25,PF00382.25,PF00382.25,PF00382.25,PF00382.25,PF00957.28,PF00957.28,PF07741.19,PF08271.18,PF08271.18,PF08271.18	GO:0017025	100
GML000308	PF00957.28	NA	100
GML000309	PF17027.12,PF17027.12	NA	100
GML000310	PF03999.18	NA	100
GML000311		NA	100
GML000312	PF01652.25	GO:0003723,GO:0003743,GO:0006413	4
GML000313		NA	100
GML000314	PF03690.19,PF03690.19	NA	100
GML000315		NA	100
GML000316	PF00227.32	GO:0005839,GO:0030163	8
GML000317	PF00022.27,PF00022.27,PF01991.24,PF01991.24	GO:0033178,GO:0046961,GO:1902600	6
GML000318		NA	100
GML000319		NA	100
GML000320		NA	100
GML000321		NA	100
GML000322	PF01926.30,PF01926.30,PF01926.30,PF02421.25,PF02421.25,PF02421.25,PF02824.28,PF02824.28,PF02824.28,PF16897.11,PF16897.11,PF16897.11	GO:0005525	100
GML000323	PF03463.22,PF03464.21,PF03465.21,PF18854.7,PF18859.7	NA	100
GML000324	PF01142.24,PF01142.24	GO:0001522,GO:0003723,GO:0009451,GO:0009982	4
GML000325		NA	100
GML000326		NA	100
GML000327	PF02319.27,PF16421.11	GO:0005667,GO:0006355,GO:0046983	100
GML000328		NA	100
GML000329	PF00501.35,PF00501.35,PF01119.26,PF01119.26,PF02518.32,PF02518.32,PF03256.23,PF03256.23,PF13193.13,PF13193.13,PF13589.13,PF13589.13,PF16177.12,PF16177.12	GO:0005524,GO:0006298,GO:0030983	3
GML000330	PF00096.33,PF13894.13	NA	100
GML000331		NA	100
GML000332		NA	100
GML000333	PF03062.25,PF03062.25	NA	100
GML000334	PF00400.39,PF00400.39	GO:0005515	100
GML000335	PF01015.24	GO:0003735,GO:0005840,GO:0006412	4
GML000336	PF03332.20,PF08282.19	GO:0004615,GO:0009298	8
GML000337		NA	100
GML000338	PF03108.21,PF04434.23,PF04434.23	GO:0008270	100
GML000339		NA	100
GML000340		NA	100
GML000341	PF01734.28,PF01734.28,PF01734.28,PF01734.28,PF01866.23,PF01866.23,PF01866.23,PF01981.22,PF01981.22,PF01981.22	GO:0004045,GO:0006629,GO:0017183,GO:0090560	8
GML000342		NA	100
GML000343	PF00953.27	GO:0016020,GO:0016780	8
GML000344	PF00025.28,PF00071.29,PF01926.30,PF08477.20,PF09439.17,PF17012.11,PF17012.11	GO:0003924,GO:0005525	8
GML000345	PF00025.28,PF00071.29,PF01926.30,PF08477.20,PF09439.17	GO:0003924,GO:0005525	8
GML000346	PF04117.18	GO:0016020	100
GML000347	PF13646.13,PF13646.13,PF13646.13	NA	100
GML000348	PF04969.23	NA	100
GML000349	PF00735.25,PF00735.25	GO:0005525	100
GML000350	PF12832.14	NA	100
GML000351		NA	100
GML000352		NA	100
GML000353	PF04387.20	NA	100
GML000354	PF12295.14,PF12295.14,PF12295.14	NA	100
GML000355		NA	100
GML000356	PF07535.19	GO:0003676,GO:0008270	4
GML000357	PF00227.32,PF10584.15	GO:0005839,GO:0006511,GO:0019773,GO:0030163	8
GML000358	PF03199.22,PF03917.24	GO:0004363,GO:0005524,GO:0006750	2
GML000359	PF01423.29	NA	100
GML000360	PF01435.25	GO:0004222,GO:0006508	5
GML000361	PF00227.32,PF00227.32,PF10584.15	GO:0005839,GO:0006511,GO:0019773,GO:0030163	8
GML000362	PF01472.27,PF26292.1	GO:0003723	4
GML000363	PF00443.36,PF13423.13	GO:0004843,GO:0016579	8
GML000364	PF01148.26,PF01148.26,PF01148.26,PF01148.26,PF01148.26	NA	100
GML000365	PF01125.23	GO:0005634	100
GML000366	PF01019.28	NA	100
GML000367	PF00118.30	GO:0005524	100
GML000368		NA	100
GML000369	PF00046.36,PF00046.36,PF00808.30,PF00808.30	GO:0003677	4
GML000370	PF00125.31	GO:0003677	4
GML000371	PF00176.30,PF00270.36,PF00271.38,PF04851.22	GO:0003676,GO:0003677,GO:0005524,GO:0016787	4
GML000372	PF17016.11,PF17016.11	NA	100
GML000373	PF10217.15	NA	100
GML000374	PF01529.26,PF08772.17,PF17146.11	GO:0016409	8
GML000375	PF00078.33	NA	1
GML000376	PF00924.25	GO:0016020,GO:0055085	6
GML000377		NA	100
GML000378		NA	100
GML000379	PF02141.27	NA	100
GML000380	PF02463.26,PF06470.19,PF13476.13	GO:0005515,GO:0005524,GO:0005694,GO:0006302,GO:0016887,GO:0051276	3
GML000381		NA	100
GML000382	PF00082.28,PF05922.22	GO:0006508,GO:0008236	5
GML000383	PF02269.23	GO:0006366	8
GML000384		NA	100
GML000385	PF17010.11,PF17010.11	NA	100
GML000386		NA	100
GML000387	PF00227.32,PF00227.32	GO:0005839,GO:0030163	8
GML000388	PF00249.38,PF01189.24,PF01189.24	NA	100
GML000389	PF00152.26,PF00152.26	GO:0000166,GO:0004812,GO:0005524,GO:0006418	8
GML000390	PF00281.25,PF00281.25,PF00673.27,PF00673.27	NA	100
GML000391	PF01784.25	NA	100
GML000392	PF01248.32	NA	100
GML000393		NA	100
GML000394		NA	100
GML000395	PF03914.24,PF03914.24	NA	100
GML000396	PF03226.22	NA	100
GML000397		NA	100
GML000398	PF05327.18	GO:0001181,GO:0006361	8
GML000399	PF08158.19	NA	100
GML000400	PF01167.25	NA	100
GML000401	PF01725.22,PF01725.22,PF01725.22,PF01725.22,PF01725.22	GO:0009143,GO:0047429	8
GML000402		NA	100
GML000403		NA	100
GML000404	PF01728.26,PF07780.18	GO:0005634,GO:0006364,GO:0008168,GO:0032259	8
GML000405	PF02926.23	GO:0003723	4
GML000406		NA	100
GML000407		NA	100
GML000408	PF06588.18	NA	100
GML000409	PF00620.33,PF00620.33	GO:0007165	3
GML000410	PF00400.39,PF00400.39,PF00400.39,PF00400.39,PF00400.39,PF00400.39,PF00400.39,PF00400.39,PF00400.39,PF23953.2,PF23953.2,PF23953.2	GO:0005515	100
GML000411	PF00400.39,PF00400.39	GO:0005515	100
GML000412	PF00270.36,PF00271.38,PF04851.22	GO:0003676,GO:0003677,GO:0005524,GO:0016787	4
GML000413	PF02772.22,PF02773.22	GO:0004478,GO:0006556	8
GML000414		NA	100
GML000415	PF02366.25,PF02366.25,PF13231.13,PF13231.13,PF16192.11,PF16192.11	GO:0000030,GO:0006493,GO:0016020	8
GML000416	PF00250.25	GO:0003700,GO:0006355,GO:0043565	3
GML000417		NA	100
GML000418	PF01248.32	NA	100
GML000419		NA	100
GML000420	PF00240.30,PF00327.26,PF03962.22,PF11976.15,PF18517.7	GO:0005515	100
GML000421	PF17011.11	NA	100
GML000422	PF00005.34,PF00005.34	GO:0005524,GO:0016887	8
GML000423	PF01565.29,PF01565.29	GO:0050660	100
GML000424		NA	100
GML000425		NA	100
GML000426		NA	100
GML000427		NA	100
GML000428		NA	100
GML000429		NA	100
GML000430		NA	100
GML000431		NA	100
GML000432		NA	100
GML000433		NA	100
GML000434	PF00137.27,PF00137.27,PF00137.27,PF00137.27	GO:0015078,GO:0033177,GO:1902600	6
GML000435		NA	100
GML000436	PF00456.27,PF00456.27,PF02779.30,PF02779.30,PF22613.2,PF22613.2	NA	100
GML000437	PF00240.30,PF00240.30,PF01020.24,PF01020.24,PF11976.15,PF11976.15,PF14560.13	GO:0003735,GO:0005515,GO:0005840,GO:0006412	4
GML000438		NA	100
GML000439	PF00432.28	GO:0003824	8
GML000440	PF00237.25	GO:0003735,GO:0005840,GO:0006412	4
GML000441	PF00270.36,PF00271.38,PF07717.23	GO:0003676,GO:0005524	4
GML000442	PF00227.32,PF00227.32,PF04118.21,PF24598.2	GO:0005839,GO:0030163	8
GML000443	PF04118.21,PF24598.2	NA	100
GML000444		NA	100
GML000445	PF00152.26,PF00152.26,PF01336.32,PF01336.32	GO:0000166,GO:0003676,GO:0004812,GO:0005524,GO:0006418	4
GML000446	PF05175.21,PF09445.17,PF09445.17,PF09445.17	GO:0001510,GO:0008168,GO:0036261	8
GML000447	PF00462.31,PF00462.31	NA	100
GML000448		NA	100
GML000449	PF02582.20	NA	100
GML000450		NA	100
GML000451		NA	100
GML000452	PF01380.28,PF01380.28,PF01380.28,PF01380.28,PF13522.13,PF13522.13,PF13537.12,PF13537.12	GO:0097367,GO:1901135	8
GML000453	PF05236.21	GO:0005669,GO:0006352	8
GML000454	PF17006.11,PF17006.11	NA	100
GML000455	PF25121.1	NA	100
GML000456	PF00307.37,PF00307.37	GO:0005515	100
GML000457	PF00069.32,PF07714.24	GO:0004672,GO:0005524,GO:0006468	3
GML000458	PF13299.12,PF13299.12,PF16661.12,PF16661.12	NA	100
GML000459		NA	100
GML000460	PF24997.2	NA	100
GML000461	PF00344.26,PF10559.15	GO:0015031,GO:0016020	6
GML000462		NA	100
GML000463	PF00454.34,PF00454.34,PF02260.26,PF02260.26	GO:0005515	100
GML000464		NA	100
GML000465		NA	100
GML000466	PF01331.26,PF03919.22	GO:0004484,GO:0005524,GO:0006370	8
GML000467	PF13855.13,PF13855.13,PF13855.13,PF13855.13,PF23598.2,PF23598.2	GO:0005515	100
GML000468		NA	100
GML000469		NA	100
GML000470	PF00025.28,PF00071.29,PF08477.20	GO:0003924,GO:0005525	8
GML000471		NA	100
GML000472	PF00400.39,PF00400.39	GO:0005515	100
GML000473		NA	100
GML000474		NA	100
GML000475		NA	100
GML000476		NA	100
GML000477		NA	100
GML000478	PF04571.20,PF08235.20	NA	100
GML000479		NA	100
GML000480		NA	100
GML000481		NA	100
GML000482		NA	100
GML000483		NA	100
GML000484		NA	100
GML000485	PF12832.14	NA	100
GML000486	PF00320.34,PF00320.34	GO:0006355,GO:0043565	4
GML000487	PF01786.25	GO:0009916	8
GML000488		NA	100
GML000489		NA	100
GML000490		NA	100
GML000491		NA	100
GML000492	PF00270.36,PF00270.36,PF00271.38,PF00271.38,PF04851.22,PF04851.22,PF13959.12,PF13959.12	GO:0003676,GO:0003677,GO:0005524,GO:0016787	4
GML000493	PF00179.32,PF00179.32,PF00179.32	NA	100
GML000494		NA	100
GML000495		NA	100
GML000496	PF00025.28,PF00071.29,PF08477.20	GO:0003924,GO:0005525	8
GML000497	PF04258.19,PF17004.12,PF17004.12	GO:0016020,GO:0042500	8
GML000498	PF04258.19,PF04258.19	GO:0016020,GO:0042500	8
GML000499	PF03130.23,PF03130.23,PF13646.13,PF13646.13,PF13646.13	NA	100
GML000500		NA	100
GML000501	PF00270.36,PF00271.38,PF04851.22	GO:0003676,GO:0003677,GO:0005524,GO:0016787	4
GML000502		NA	100
GML000503	PF00995.29,PF00995.29	GO:0016192	6
GML000504	PF00175.27,PF00667.27	GO:0016491	8
GML000505	PF02268.22,PF02751.21	GO:0005672,GO:0006367	8
GML000506	PF00069.32,PF07714.24	GO:0004672,GO:0005524,GO:0006468	3
GML000507		NA	100
GML000508		NA	100
GML000509	PF04096.21	GO:0005643,GO:0006913,GO:0017056	6
GML000510		NA	100
GML000511		NA	100
GML000512		NA	100
GML000513		NA	100
GML000514		NA	100
GML000515		NA	100
GML000516		NA	100
GML000517		NA	100
GML000518	PF00118.30,PF00118.30	GO:0005524	100
GML000519		NA	100
GML000520	PF00493.30,PF00493.30,PF01078.28,PF01078.28,PF07728.21,PF07728.21,PF14551.12,PF14551.12,PF17207.10,PF17207.10,PF17855.8,PF17855.8	GO:0003677,GO:0005524,GO:0016887	4
GML000521		NA	100
GML000522		NA	100
GML000523		NA	100
GML000524		NA	100
GML000525		NA	100
GML000526		NA	100
GML000527		NA	100
GML000528		NA	100
GML000529		NA	100
GML000530		NA	100
GML000531		NA	100
GML000532		NA	100
GML000533		NA	100
GML000534		NA	100
GML000535		NA	100
GML000536		NA	100
GML000537		NA	100
GML000538		NA	100
GML000539		NA	100
GML000540		NA	100
GML000541	PF01663.28,PF01676.24	GO:0003824,GO:0046872	8
GML000542		NA	100
GML000543	PF00333.27,PF03719.22	GO:0003723,GO:0003735,GO:0005840,GO:0006412	4
GML000544	PF00017.31,PF00017.31,PF14633.13,PF14633.13	NA	100
GML000545	PF00562.34,PF04560.26,PF04561.20,PF04563.21,PF04563.21,PF04565.22,PF04566.19	GO:0003677,GO:0003899,GO:0006351	4
GML000546		NA	100
GML000547		NA	100
GML000548		NA	100
GML000549	PF16987.11	NA	100
GML000550	PF00319.24,PF00319.24	GO:0003677,GO:0046983	4
GML000551	PF00400.39,PF00400.39	GO:0005515	100
GML000552	PF00072.31,PF00447.24	GO:0000160,GO:0003700,GO:0006355,GO:0043565	3
GML000553		NA	100
GML000554		NA	100
GML000555		NA	100
GML000556		NA	100
GML000557	PF09986.16,PF14938.13	GO:0006886	6
GML000558		NA	100
GML000559	PF00004.36,PF00004.36,PF02732.22,PF07728.21,PF16450.12,PF16450.12,PF17862.8,PF17862.8	GO:0003677,GO:0005524,GO:0016887	4
GML000560	PF02732.22	GO:0003677	4
GML000561		NA	100
GML000562	PF00268.28,PF00268.28	GO:0009263	8
GML000563	PF01204.25,PF22422.3	GO:0004555,GO:0005991	8
GML000564		NA	100
GML000565		NA	100
GML000566		NA	100
GML000567		NA	100
GML000568		NA	100
GML000569		NA	100
GML000570	PF00514.30,PF00514.30,PF00514.30,PF00514.30,PF01749.27	GO:0005515,GO:0006606,GO:0061608	6
GML000571	PF03074.23	GO:0004357,GO:0006750	2
GML000572	PF03074.23	GO:0004357,GO:0006750	2
GML000573		NA	100
GML000574		NA	100
GML000575		NA	100
GML000576		NA	100
GML000577		NA	100
GML000578		NA	100
GML000579		NA	100
GML000580		NA	100
GML000581		NA	100
GML000582		NA	100
GML000583		NA	100
GML000584		NA	100
GML000585		NA	100
GML000586		NA	100
GML000587		NA	100
GML000588		NA	100
GML000589		NA	100
GML000590	PF02463.26,PF06470.19,PF13175.13,PF13476.13	GO:0005515,GO:0005524,GO:0005694,GO:0006302,GO:0016887,GO:0051276	3
GML000591	PF00850.25	NA	100
GML000592	PF04950.19	NA	100
GML000593	PF01644.24,PF03142.22,PF13632.13	NA	100
GML000594	PF03029.24,PF03029.24	NA	100
GML000595	PF00069.32,PF03109.23,PF07714.24	GO:0004672,GO:0005524,GO:0006468	3
GML000596	PF06201.20,PF06201.20	NA	100
GML000597		NA	100
GML000598		NA	100
GML000599		NA	100
GML000600		NA	100
GML000601		NA	100
GML000602		NA	100
GML000603		NA	100
GML000604		NA	100
GML000605		NA	100
GML000606		NA	100
GML000607		NA	100
GML000608		NA	100
GML000609		NA	100
GML000610		NA	100
GML000611	PF00069.32,PF04495.21,PF04495.21,PF07714.24	GO:0004672,GO:0005524,GO:0006468	3
GML000612	PF05903.21	GO:0008233	8
GML000613		NA	100
GML000614		NA	100
GML000615	PF04934.20	GO:0003712,GO:0006357,GO:0016592	100
GML000616	PF00899.28	NA	100
GML000617	PF00250.25,PF00250.25,PF00250.25	GO:0003700,GO:0006355,GO:0043565	3
GML000618	PF03587.20	GO:0070037,GO:0070475	8
GML000619	PF00022.27	NA	100
GML000620	PF01369.26,PF01369.26	GO:0005085,GO:0032012	100
GML000621		NA	100
GML000622	PF00400.39,PF00400.39,PF00400.39,PF00400.39,PF00400.39,PF00400.39,PF00400.39,PF00400.39,PF00400.39,PF00400.39,PF12894.14,PF12894.14	GO:0005515	100
GML000623		NA	100
GML000624	PF00562.34,PF04560.26,PF04561.20,PF04563.21,PF04565.22	GO:0003677,GO:0003899,GO:0006351	4
GML000625	PF00005.34,PF00005.34	GO:0005524,GO:0016887	8
GML000626		NA	100
GML000627		NA	100
GML000628		NA	100
GML000629		NA	100
GML000630		NA	100
GML000631		NA	100
GML000632	PF00270.36,PF00271.38,PF13245.13	GO:0003676,GO:0005524	4
GML000633		NA	100
GML000634	PF02186.22,PF02186.22	GO:0006367	8
GML000635		NA	100
GML000636	PF00097.32,PF00097.32,PF00439.31,PF00439.31,PF00439.31,PF00439.31,PF25316.2,PF25316.2,PF25577.2,PF25577.2	GO:0005515,GO:0046872	100
GML000637	PF00493.30,PF01078.28,PF17207.10,PF17855.8	GO:0003677,GO:0005524	4
GML000638	PF00439.31,PF00439.31,PF00439.31,PF00628.36,PF00628.36,PF00628.36,PF05127.22,PF08351.19,PF13718.13,PF13718.13,PF13771.13,PF13771.13,PF13771.13,PF13831.13,PF13831.13,PF13831.13,PF13832.13,PF13832.13,PF13832.13	GO:0005515,GO:0016747	8
GML000639	PF04042.22,PF22062.3	GO:0003677,GO:0006260	4
GML000640	PF00557.30,PF00557.30	NA	100
GML000641	PF00225.30,PF00225.30,PF00225.30,PF00225.30,PF16796.12,PF16796.12	GO:0003777,GO:0005524,GO:0007018,GO:0008017	7
GML000642	PF00025.28,PF00071.29,PF00241.26,PF00719.25,PF00719.25,PF08477.20	GO:0000287,GO:0003779,GO:0003924,GO:0004427,GO:0005525,GO:0005737,GO:0006796	7
GML000643		NA	100
GML000644	PF00638.25,PF00638.25	GO:0046907	6
GML000645	PF02002.24	NA	100
GML000646	PF01139.23	GO:0006396,GO:0008452	8
GML000647		NA	100
GML000648		NA	100
GML000649		NA	100
GML000650		NA	100
GML000651		NA	100
GML000652		NA	100
GML000653		NA	100
GML000654		NA	100
GML000655	PF00334.25,PF00334.25	NA	100
GML000656		NA	100
GML000657	PF00400.39,PF00400.39,PF00400.39,PF12894.14	GO:0005515	100
GML000658		NA	100
GML000659	PF00258.31	GO:0010181	100
GML000660		NA	100
GML000661		NA	100
GML000662		NA	100
GML000663		NA	100
GML000664		NA	100
GML000665	PF17010.11	NA	100
GML000666	PF00025.28,PF00071.29,PF01926.30,PF04670.19,PF08477.20	GO:0003924,GO:0005525	8
GML000667	PF04857.27	NA	100
GML000668	PF01300.25,PF01300.25,PF03481.20,PF03481.20	GO:0003725	4
GML000669	PF00225.30,PF01652.25,PF01652.25,PF16796.12	GO:0003723,GO:0003743,GO:0003777,GO:0005524,GO:0006413,GO:0007018,GO:0008017	4
GML000670	PF01171.28	NA	100
GML000671	PF04427.24,PF04427.24	GO:0006364,GO:0019843	4
GML000672		NA	100
GML000673	PF06733.22,PF13307.13,PF13307.13	GO:0003676,GO:0003677,GO:0003678,GO:0004386,GO:0005524,GO:0006139,GO:0016818	4
GML000674	PF00238.25,PF00238.25	GO:0003735,GO:0005840,GO:0006412	4
GML000675	PF00069.32,PF00069.32,PF03109.23,PF07714.24	GO:0004672,GO:0005524,GO:0006468	3
GML000676		NA	100
GML000677		NA	100
GML000678		NA	100
GML000679		NA	100
GML000680		NA	100
GML000681		NA	100
GML000682		NA	100
GML000683		NA	100
GML000684	PF13445.13,PF13445.13	NA	100
GML000685	PF12756.14	NA	100
GML000686	PF00069.32,PF07714.24,PF17667.8	GO:0004672,GO:0005524,GO:0006468	3
GML000687	PF01201.28,PF01201.28	NA	100
GML000688	PF00753.34,PF00753.34,PF12706.14,PF12706.14,PF23023.2,PF23023.2	NA	100
GML000689		NA	100
GML000690	PF00069.32,PF00069.32,PF01163.29,PF01163.29,PF03109.23,PF03109.23,PF06293.21,PF06293.21,PF07714.24,PF07714.24	GO:0003824,GO:0004672,GO:0005524,GO:0006468	3
GML000691	PF00623.26,PF04983.24,PF04990.18,PF04992.20,PF04997.18,PF04998.23,PF05000.23	GO:0003677,GO:0003899,GO:0006351	4
GML000692		NA	100
GML000693	PF01853.26,PF11717.15,PF17772.8	GO:0004402,GO:0006355	8
GML000694		NA	100
GML000695	PF01158.24	GO:0003735,GO:0005840,GO:0006412	4
GML000696	PF00155.28	GO:0009058,GO:0030170	8
GML000697	PF26087.1,PF26087.1	NA	100
GML000698	PF01428.24,PF01428.24	GO:0008270	100
GML000699		NA	100
GML000700	PF00009.34,PF00009.34,PF04950.19,PF04950.19,PF08142.19,PF08142.19,PF22298.3,PF22298.3	GO:0003924,GO:0005525,GO:0005634,GO:0042254	8
GML000701		NA	100
GML000702		NA	100
GML000703		NA	100
GML000704	PF00004.36,PF00004.36,PF00004.36,PF00004.36,PF07728.21,PF07728.21,PF17862.8,PF17862.8	GO:0005524,GO:0016887	8
GML000705	PF00004.36,PF00828.26,PF00828.26,PF07728.21,PF08542.17,PF13177.13,PF17135.10,PF17135.10	GO:0005524,GO:0016887	8
GML000706	PF00004.36,PF00004.36,PF00004.36,PF00828.26,PF00828.26,PF00828.26,PF00828.26,PF07728.21,PF07728.21,PF07728.21,PF08542.17,PF13177.13,PF13177.13,PF13177.13,PF17135.10,PF17135.10,PF17135.10,PF17135.10	GO:0005524,GO:0016887	8
GML000707	PF00004.36,PF00004.36,PF00004.36,PF07728.21,PF07728.21,PF07728.21,PF08542.17,PF13173.13,PF13173.13,PF13177.13,PF13177.13,PF13177.13	GO:0005524,GO:0016887	8
GML000708		NA	100
GML000709	PF00012.27,PF00012.27,PF00012.27,PF00012.27	GO:0005524,GO:0016887	8
GML000710	PF21238.3,PF21238.3,PF21238.3	NA	100
GML000711		NA	100
GML000712	PF25005.2	NA	100
GML000713		NA	100
GML000714	PF05495.18	GO:0008270	100
GML000715		NA	100
GML000716		NA	100
GML000717	PF00270.36,PF00270.36,PF00271.38,PF00271.38,PF04851.22,PF04851.22,PF08148.18,PF08148.18,PF22527.3,PF22527.3	GO:0003676,GO:0003677,GO:0005524,GO:0016787	4
GML000718	PF03126.24	GO:0003677	4
GML000719	PF00168.37,PF00168.37,PF10275.16,PF25669.2,PF25669.2	NA	100
GML000720	PF00176.30,PF00270.36,PF00271.38,PF00687.27,PF00687.27,PF00687.27,PF04851.22,PF13625.12,PF16203.12	GO:0003676,GO:0003677,GO:0005524,GO:0016787	4
GML000721		NA	100
GML000722	PF08221.18,PF08221.18,PF22536.3,PF22536.3	NA	100
GML000723		NA	100
GML000724	PF00293.35,PF00557.30,PF01321.25,PF05026.19,PF16188.11,PF16189.12	GO:0003723	4
GML000725	PF00400.39,PF00400.39,PF00400.39,PF00400.39,PF00400.39,PF00400.39	GO:0005515	100
GML000726	PF00400.39,PF00400.39,PF00400.39,PF00400.39,PF00400.39,PF00400.39,PF00400.39,PF00400.39,PF00400.39,PF00400.39,PF06957.18,PF06957.18,PF23953.2,PF23953.2	GO:0005198,GO:0005515,GO:0006886,GO:0016192,GO:0030126	6
GML000727		NA	100
GML000728	PF07986.18	NA	100
GML000729	PF00735.25	GO:0005525	100
GML000730	PF00102.33,PF00102.33	GO:0004725,GO:0006470	8
GML000731	PF00752.24,PF00867.24	GO:0004518	8
GML000732		NA	100
GML000733		NA	100
GML000734	PF00834.26,PF00834.26,PF00834.26,PF00834.26,PF01280.27,PF01280.27,PF01280.27,PF01280.27,PF04777.19,PF04777.19,PF04777.19,PF04777.19,PF25476.2,PF25476.2,PF25476.2,PF25476.2	GO:0005975,GO:0016857,GO:0016972	8
GML000735	PF00382.25,PF00382.25,PF08271.18	GO:0017025	100
GML000736	PF00416.28	GO:0003723,GO:0003735,GO:0005840,GO:0006412	4
GML000737	PF00106.32,PF00106.32,PF00106.32,PF01370.28,PF08659.17,PF08659.17,PF08659.17,PF13561.13,PF13561.13,PF13561.13	NA	100
GML000738		NA	100
GML000739		NA	100
GML000740	PF16531.11	NA	100
GML000741	PF30361.1	NA	100
GML000742		NA	100
GML000743	PF00625.28	NA	100
GML000744	PF00004.36,PF00004.36,PF13671.13,PF17862.8,PF17862.8	GO:0005524,GO:0016887	8
GML000745	PF00173.34,PF00173.34,PF00924.25,PF00924.25,PF06807.20,PF06807.20,PF06807.20,PF06807.20,PF13532.13,PF13532.13,PF13532.13,PF16573.11,PF16573.11,PF16573.11,PF16573.11,PF16575.12,PF16575.12,PF16575.12,PF16575.12,PF17005.12,PF17005.12	GO:0016020,GO:0031124,GO:0055085	6
GML000746	PF14204.12,PF17144.10	GO:0003735,GO:0005840,GO:0006412,GO:0008097	4
GML000747	PF04893.23	GO:0016020	100
GML000748	PF00566.26,PF04719.21,PF23436.2	GO:0005634,GO:0006367	8
GML000749	PF00004.36,PF00004.36,PF13207.13,PF13207.13,PF13238.13,PF13238.13,PF13671.13,PF13671.13	GO:0005524,GO:0016887	8
GML000750		NA	100
GML000751	PF10350.16	NA	100
GML000752	PF00443.36,PF00443.36,PF00443.36	GO:0004843,GO:0016579	8
GML000753	PF00009.34,PF00009.34,PF03143.24,PF03143.24,PF03144.32,PF03144.32,PF22594.3,PF22594.3	GO:0003924,GO:0005525	8
GML000754		NA	100
GML000755	PF03465.21,PF26356.1	NA	100
GML000756	PF01793.24,PF01793.24	GO:0000030,GO:0009101,GO:0016020	8
GML000757	PF06423.19,PF06423.19	GO:0006506,GO:0016020,GO:0016746	8
GML000758	PF00133.29,PF08264.20,PF09334.18	GO:0000166,GO:0004812,GO:0005524,GO:0006418	8
GML000759	PF03661.19	GO:0016020	100
GML000760		NA	100
GML000761	PF01176.27	GO:0003723,GO:0003743,GO:0006413	4
GML000762		NA	100
GML000763		NA	100
GML000764		NA	100
GML000765	PF02201.24	NA	100
GML000766		NA	100
GML000767	PF04564.22,PF10408.15	GO:0000151,GO:0004842,GO:0006511,GO:0016567,GO:0034450	5
GML000768	PF00400.39,PF00400.39,PF00400.39,PF00400.39,PF00400.39,PF00400.39,PF00400.39,PF00400.39,PF00400.39,PF00400.39,PF00400.39,PF24807.2,PF24807.2,PF24807.2	GO:0005515	100
GML000769		NA	100
GML000770	PF00076.29,PF00076.29,PF00076.29,PF00076.29,PF00076.29,PF00076.29,PF00076.29,PF00076.29,PF01248.32,PF01248.32,PF01553.27	GO:0003723,GO:0016746	4
GML000771	PF00578.28,PF08534.17	GO:0016209,GO:0016491	8
GML000772	PF01248.32	NA	100
GML000773	PF01990.23	GO:0034220,GO:0046961	6
GML000774	PF00380.26	GO:0003735,GO:0005840,GO:0006412	4
GML000775	PF01294.24	GO:0003735,GO:0005840,GO:0006412	4
GML000776	PF00226.37	NA	100
GML000777	PF00398.27,PF08241.19,PF13649.13	GO:0008757	8
GML000778		NA	100
GML000779	PF00082.28,PF00082.28	GO:0006508,GO:0008236	5
GML000780	PF01199.24	GO:0003735,GO:0005840,GO:0006412	4
GML000781	PF07061.17	NA	100
GML000782	PF00583.32,PF00583.32	GO:0016747	8
GML000783		NA	100
GML000784	PF00443.36,PF00443.36	GO:0004843,GO:0016579	8
GML000785	PF00702.33,PF00702.33,PF16209.11,PF16212.12,PF16212.12	NA	100
GML000786	PF07738.20	NA	100
GML000787		NA	100
GML000788	PF17025.11	NA	100
GML000789	PF01655.24,PF08241.19,PF08242.19,PF13489.13,PF13649.13,PF13847.13	GO:0003735,GO:0005840,GO:0006412,GO:0008757	4
GML000790	PF03099.25	GO:0036211	8
GML000791	PF01121.27	GO:0004140,GO:0005524,GO:0015937	3
GML000792	PF03501.22	NA	100
GML000793	PF00572.25	GO:0003735,GO:0005840,GO:0006412	4
GML000794	PF04825.19,PF04825.19	GO:0005515	100
GML000795		NA	100
GML000796	PF08743.16,PF08743.16	NA	100
GML000797	PF01902.25,PF01902.25,PF28410.1,PF28410.1	NA	100
GML000798		NA	100
GML000799	PF00479.29,PF02781.22	GO:0004345,GO:0006006,GO:0050661	8
GML000800	PF00227.32,PF00227.32	GO:0005839,GO:0030163	8
GML000801	PF00623.26,PF04983.24,PF04997.18,PF04998.23,PF05000.23	GO:0003677,GO:0003899,GO:0006351	4
GML000802	PF12697.14	NA	100
GML000803	PF09734.16	NA	100
GML000804		NA	100
GML000805	PF00004.36,PF07728.21,PF16450.12,PF17862.8	GO:0005524,GO:0016887	8
GML000806	PF00750.26,PF00750.26,PF05746.22,PF05746.22,PF08660.18	GO:0004814,GO:0005524,GO:0006420,GO:0006488	8
GML000807		NA	100
GML000808	PF03031.25,PF03031.25	NA	100
GML000809	PF00118.30,PF00118.30	GO:0005524	100
GML000810		NA	100
GML000811	PF21485.4	NA	100
GML000812	PF00004.36,PF13177.13	GO:0005524,GO:0016887	8
GML000813		NA	100
GML000814	PF00182.25	GO:0004568,GO:0006032,GO:0016998	8
GML000815	PF01853.26,PF17772.8	GO:0004402,GO:0006355	8
GML000816		NA	100
GML000817		NA	100
GML000818	PF05291.17	NA	100
GML000819	PF07817.20	GO:0005643,GO:0016973	6
GML000820	PF06479.18	GO:0004540,GO:0006397	1
GML000821	PF01163.29,PF01163.29,PF09202.18,PF09202.18	GO:0003824,GO:0004674,GO:0005524,GO:0006468	3
GML000822	PF06741.19,PF06741.19	NA	100
GML000823	PF21262.4	NA	100
GML000824	PF00189.26,PF00189.26	GO:0003735,GO:0006412	4
GML000825	PF17029.11	NA	100
GML000826		NA	100
GML000827	PF00270.36,PF00270.36,PF00270.36,PF00270.36,PF00271.38,PF00271.38,PF00271.38,PF00271.38,PF02889.22,PF02889.22,PF02889.22,PF02889.22,PF04851.22,PF04851.22,PF04851.22,PF04851.22	GO:0003676,GO:0003677,GO:0005524,GO:0016787	4
GML000828	PF00122.26,PF00122.26,PF00122.26,PF00122.26,PF00702.33,PF00702.33,PF00702.33,PF00702.33,PF00702.33,PF13246.13,PF13246.13,PF13246.13,PF13246.13,PF13246.13,PF16209.11,PF16209.11,PF16209.11,PF16209.11,PF16209.11,PF16212.12,PF16212.12,PF16212.12,PF16212.12,PF16212.12	NA	100
GML000829		NA	100
GML000830		NA	100
GML000831	PF00009.34,PF00025.28,PF00071.29,PF01926.30,PF04670.19,PF08477.20	GO:0003924,GO:0005525	8
GML000832	PF00076.29	GO:0003723	4
GML000833		NA	100
GML000834		NA	100
GML000835	PF00270.36,PF00270.36,PF00271.38,PF00271.38	GO:0003676,GO:0005524	4
GML000836	PF12701.14,PF12701.14,PF12701.14	NA	100
GML000837	PF03009.24	GO:0006629,GO:0008081	8
GML000838	PF00534.27,PF00534.27,PF00534.27,PF00534.27,PF00534.27,PF08288.19,PF08288.19,PF08288.19,PF08288.19,PF08288.19,PF13439.13,PF13439.13,PF13439.13,PF13439.13,PF13439.13,PF13524.13,PF13524.13,PF13524.13,PF13524.13,PF13524.13,PF13579.13,PF13579.13,PF13579.13,PF13579.13,PF13579.13,PF13692.13,PF13692.13,PF13692.13,PF13692.13,PF13692.13	GO:0006506,GO:0016757	8
GML000839	PF00069.32,PF00069.32,PF00069.32,PF02366.25,PF02366.25,PF02815.26,PF02815.26,PF03109.23,PF07714.24,PF07714.24,PF07714.24,PF16192.11,PF16192.11,PF17667.8,PF17667.8,PF17667.8	GO:0000030,GO:0004672,GO:0005524,GO:0006468,GO:0006493,GO:0016020	3
GML000840	PF00393.25,PF01488.27,PF02737.25,PF03446.22,PF03807.24	GO:0004616,GO:0006098,GO:0006631,GO:0050661,GO:0070403	8
GML000841		NA	100
GML000842		NA	100
GML000843	PF01569.28	NA	100
GML000844	PF00350.30,PF01031.26,PF02212.24	GO:0003924,GO:0005525	8
GML000845	PF00240.30,PF00240.30,PF23195.2,PF23195.2	GO:0005515	100
GML000846	PF00307.37,PF00307.37,PF03836.22,PF03836.22	GO:0005515	100
GML000847	PF00160.27,PF00160.27	GO:0000413,GO:0003755	8
GML000848		NA	100
GML000849	PF03715.19	NA	100
GML000850		NA	100
GML000851		NA	100
GML000852		NA	100
GML000853		NA	100
GML000854		NA	100
GML000855	PF00270.36,PF00271.38,PF04851.22	GO:0003676,GO:0003677,GO:0005524,GO:0016787	4
GML000856	PF02291.22,PF07524.20	GO:0006352	8
GML000857	PF05093.19,PF05093.19	NA	100
GML000858	PF01490.25,PF01490.25,PF01490.25,PF01544.24,PF01544.24,PF01544.24	GO:0016020,GO:0030001,GO:0046873,GO:0055085	6
GML000859		NA	100
GML000860	PF13086.13,PF13086.13,PF13086.13,PF13086.13,PF13087.13,PF13087.13,PF13245.13,PF13245.13,PF13604.13,PF13604.13	GO:0004386	8
GML000861		NA	100
GML000862	PF23228.2	NA	100
GML000863		NA	100
GML000864		NA	100
GML000865	PF19026.8	NA	100
GML000866		NA	100
GML000867		NA	100
GML000868	PF01239.29	GO:0008318,GO:0018342	8
GML000869	PF00240.30,PF01599.27,PF11976.15,PF14560.13	GO:0003735,GO:0005515,GO:0005840,GO:0006412	4
GML000870	PF00227.32,PF10584.15	GO:0005839,GO:0006511,GO:0019773,GO:0030163	8
GML000871	PF00294.30,PF00294.30	NA	100
GML000872	PF00432.28,PF00432.28	GO:0003824	8
GML000873	PF08538.17	NA	100
GML000874		NA	100
GML000875	PF08033.18	NA	100
GML000876	PF00004.36,PF00004.36,PF00004.36,PF00004.36,PF17862.8,PF17862.8	GO:0005524,GO:0016887	8
GML000877	PF00493.30,PF00493.30,PF00493.30,PF00493.30,PF00493.30,PF01078.28,PF01078.28,PF01078.28,PF01078.28,PF01078.28,PF07728.21,PF07728.21,PF07728.21,PF07728.21,PF07728.21,PF14551.12,PF14551.12,PF14551.12,PF14551.12,PF14551.12,PF17207.10,PF17207.10,PF17207.10,PF17207.10,PF17207.10,PF17855.8,PF17855.8,PF17855.8,PF17855.8,PF17855.8	GO:0003677,GO:0005524,GO:0016887	4
GML000878		NA	100
GML000879	PF00183.24,PF00183.24,PF02518.32,PF02518.32,PF13589.13,PF13589.13	GO:0005524,GO:0006457,GO:0016887,GO:0051082,GO:0140662	5
GML000880		NA	100
GML000881	PF06733.22,PF06733.22,PF06733.22,PF06733.22,PF13307.13,PF13307.13,PF13307.13,PF13307.13	GO:0003676,GO:0003677,GO:0003678,GO:0004386,GO:0005524,GO:0006139,GO:0016818	4
GML000882		NA	100
GML000883		NA	100
GML000884		NA	100
GML000885	PF00400.39,PF00400.39,PF00400.39,PF00400.39,PF00400.39,PF00400.39,PF00400.39,PF00400.39,PF00400.39,PF00400.39,PF00400.39,PF00400.39,PF00400.39,PF00400.39,PF23381.2,PF23381.2	GO:0005515	100
GML000886	PF08149.17	NA	100
GML000887	PF03208.25	NA	100
GML000888		NA	100
GML000889	PF01068.27,PF04675.20,PF04679.22,PF09414.16	GO:0003677,GO:0003910,GO:0005524,GO:0006281,GO:0006310	3
GML000890	PF04810.21,PF04811.22,PF08033.18	GO:0006886,GO:0006888,GO:0008270,GO:0030127	6
GML000891		NA	100
GML000892	PF00069.32,PF07714.24	GO:0004672,GO:0005524,GO:0006468	3
GML000893		NA	100
GML000894	PF00749.28,PF00749.28,PF20974.3,PF20974.3	GO:0004812,GO:0005524,GO:0043039	8
GML000895	PF01409.26	GO:0000049,GO:0004812,GO:0005524,GO:0043039	4
GML000896	PF01409.26	GO:0000049,GO:0004812,GO:0005524,GO:0043039	4
GML000897		NA	100
GML000898	PF00179.32,PF17002.11	NA	100
GML000899	PF00004.36,PF00085.27,PF00085.27,PF00533.34,PF03215.22,PF08519.18,PF13848.13,PF13848.13	GO:0003689,GO:0005524,GO:0005663,GO:0006260,GO:0016887	4
GML000900	PF00004.36,PF00533.34,PF03215.22,PF08519.18	GO:0003689,GO:0005524,GO:0005663,GO:0006260,GO:0016887	4
GML000901	PF03159.25,PF17846.7	GO:0003676,GO:0004527	4
GML000902		NA	100
GML000903	PF00459.31,PF00459.31	NA	100
GML000904	PF02463.26,PF02463.26,PF04188.19,PF06470.19,PF06470.19,PF13476.13,PF13476.13	GO:0000009,GO:0004376,GO:0005515,GO:0005524,GO:0005694,GO:0006302,GO:0006506,GO:0016887,GO:0051276	3
GML000905	PF00004.36,PF06068.20	GO:0005524,GO:0016887	8
GML000906	PF04981.20,PF04981.20,PF29994.1	NA	100
GML000907		NA	100
GML000908		NA	100
GML000909	PF01650.24	GO:0006508,GO:0008233	5
GML000910		NA	100
GML000911		NA	100
GML000912	PF01909.30,PF01909.30,PF04926.21,PF04926.21,PF04928.23,PF04928.23,PF20750.4,PF20750.4	GO:0003723,GO:0016779,GO:1990817	4
GML000913		NA	100
GML000914		NA	100
GML000915		NA	100
GML000916		NA	100
GML000917	PF01545.27,PF01545.27,PF02390.24,PF02390.24	GO:0006400,GO:0008176	8
GML000918		NA	100
GML000919	PF01776.23	GO:0003735,GO:0005840,GO:0006412	4
GML000920	PF00493.30,PF00493.30,PF01078.28,PF01078.28,PF07728.21,PF07728.21,PF12619.14,PF12619.14,PF14551.12,PF14551.12,PF17207.10,PF17207.10,PF17855.8,PF17855.8	GO:0003677,GO:0005524,GO:0016887	4
GML000921	PF00009.34,PF00009.34,PF00679.31,PF00679.31,PF00808.30,PF03144.32,PF03144.32,PF03764.25,PF03764.25,PF14492.13,PF14492.13,PF22042.3,PF22042.3	GO:0003924,GO:0005525	8
GML000922	PF00400.39,PF00400.39,PF00400.39	GO:0005515	100
GML000923	PF00590.26,PF29841.1,PF29841.1	GO:0008168	8
GML000924	PF00590.26,PF00590.26	GO:0008168	8
GML000925	PF00133.29,PF09334.18,PF09334.18,PF19303.6,PF19303.6	GO:0000166,GO:0004812,GO:0005524,GO:0006418	8
GML000926	PF05652.18,PF11969.14	GO:0000290,GO:0016787	8
GML000927	PF00004.36,PF00004.36,PF00158.33,PF02861.26,PF07724.21,PF07728.21,PF10431.16,PF17871.8	GO:0005524,GO:0006355,GO:0008134,GO:0016887	8
GML000928		NA	100
GML000929	PF00827.23,PF02150.22,PF05182.19	GO:0003735,GO:0005840,GO:0006351,GO:0006412	4
GML000930	PF00250.25,PF00250.25	GO:0003700,GO:0006355,GO:0043565	3
GML000931		NA	100
GML000932	PF04615.19	NA	100
GML000933		NA	100
GML000934	PF11931.15	GO:0000398,GO:0003723,GO:0005681	4
GML000935		NA	100
GML000936	PF00069.32,PF07714.24	GO:0004672,GO:0005524,GO:0006468	3
GML000937	PF02224.25,PF04078.20,PF04078.20	GO:0005524,GO:0006139,GO:0006402,GO:0030014,GO:0036431	3
GML000938	PF00297.29,PF00297.29,PF04468.18	GO:0003735,GO:0005840,GO:0006412	4
GML000939		NA	100
GML000940		NA	100
GML000941	PF00996.25	GO:0005092,GO:0007264	3
GML000942		NA	100
GML000943		NA	100
GML000944	PF01873.24	GO:0003743,GO:0006413	8
GML000945		NA	100
GML000946	PF00957.28	NA	100
GML000947	PF01984.26,PF05148.22,PF08241.19,PF13649.13	GO:0003677,GO:0008168,GO:0008757	4
GML000948		NA	100
GML000949		NA	100
GML000950	PF00560.40,PF00560.40,PF00560.40,PF00560.40,PF12799.14,PF12799.14,PF12799.14,PF13306.13,PF13855.13,PF13855.13,PF13855.13,PF13855.13,PF23598.2	GO:0005515	100
GML000951		NA	100
GML000952		NA	100
GML000953		NA	100
GML000954	PF01381.29	NA	100
GML000955	PF00400.39,PF00400.39,PF00400.39,PF00400.39,PF00400.39,PF00400.39,PF00400.39,PF00400.39,PF07106.20,PF07106.20,PF07106.20,PF07106.20,PF08513.18,PF08513.18	GO:0005515	100
GML000956		NA	100
GML000957		NA	100
GML000958	PF08083.17,PF08083.17,PF10596.15,PF10596.15,PF10597.15,PF10597.15,PF10598.15,PF10598.15	GO:0000398,GO:0003723,GO:0017070,GO:0030623	4
GML000959		NA	100
GML000960	PF01663.28,PF01663.28,PF01676.24,PF01676.24,PF06415.19,PF06415.19	GO:0003824,GO:0004619,GO:0005737,GO:0006007,GO:0030145,GO:0046872	8
GML000961		NA	100
GML000962		NA	100
GML000963	PF01588.27	GO:0000049	4
GML000964	PF01912.25,PF01912.25	GO:0042256,GO:0043022	100
GML000965	PF01912.25	GO:0042256,GO:0043022	100
GML000966	PF01798.24	NA	100
GML000967	PF05625.18	GO:0002098,GO:0033588	8
GML000968	PF00081.28,PF02777.24	GO:0004784,GO:0006801,GO:0046872	8
GML000969		NA	100
GML000970		NA	100
GML000971		NA	100
GML000972	PF00133.29,PF08264.20	GO:0000166,GO:0004812,GO:0005524,GO:0006418	8
GML000973	PF00448.29,PF02881.25,PF02978.27	GO:0005525,GO:0006614,GO:0008312,GO:0048500	4
GML000974	PF00227.32,PF00227.32	GO:0005839,GO:0030163	8
GML000975	PF00227.32,PF00227.32	GO:0005839,GO:0030163	8
GML000976	PF00753.34,PF00753.34,PF07521.18,PF07521.18,PF10996.15,PF10996.15,PF16661.12,PF16661.12	NA	100
GML000977		NA	100
GML000978	PF00046.36	GO:0003677	4
GML000979	PF00118.30,PF00118.30	GO:0005524	100
GML000980	PF06870.18,PF06870.18	GO:0003677,GO:0006351	4
GML000981		NA	100
GML000982	PF00454.34	NA	100
GML000983	PF01406.26	NA	100
GML000984		NA	100
GML000985	PF01873.24,PF01873.24,PF01873.24	GO:0003743,GO:0006413	8
GML000986	PF00023.37,PF13606.13	GO:0005515	100
GML000987	PF00076.29,PF00076.29	GO:0003723	4
GML000988	PF00097.32,PF13639.13,PF25563.1	GO:0046872	100
GML000989		NA	100
GML000990	PF00806.26,PF00806.26,PF00806.26,PF00806.26,PF00806.26	GO:0003723	4
GML000991	PF07726.18,PF07726.18,PF07728.21,PF07728.21,PF07728.21,PF07728.21,PF07728.21,PF07728.21,PF07728.21,PF07728.21,PF17865.8,PF17865.8	GO:0005524,GO:0016887	8
GML000992		NA	100
GML000993	PF00653.28	NA	100
GML000994	PF00004.36,PF00004.36	GO:0005524,GO:0016887	8
GML000995	PF00149.34,PF04152.20	GO:0004519,GO:0005634,GO:0006302,GO:0016787,GO:0030145	3
GML000996	PF17009.11	NA	100
GML000997		NA	100
GML000998		NA	100
GML000999		NA	100
GML001000		NA	100
GML001001		NA	100
GML001002		NA	100
GML001003		NA	100
GML001004		NA	100
GML001005		NA	100
GML001006		NA	100
GML001007		NA	100
GML001008		NA	100
GML001009		NA	100
GML001010		NA	100
GML001011		NA	100
GML001012		NA	100
GML001013		NA	100
GML001014		NA	100
GML001015		NA	100
GML001016	PF00534.27,PF00534.27,PF00534.27,PF00534.27,PF13439.13,PF13439.13,PF13692.13,PF13692.13,PF13692.13,PF13692.13	GO:0016757	8
GML001017	PF05050.20,PF05050.20	NA	100
GML001018	PF01149.30,PF06831.20	GO:0003684,GO:0003906,GO:0006284,GO:0008270,GO:0016799,GO:0019104	3
GML001019		NA	100
GML001020		NA	100
GML001021		NA	100
GML001022	PF13445.13,PF13445.13,PF13445.13	NA	100
GML001023		NA	100
GML001024		NA	100
GML001025		NA	100
GML001026		NA	100
GML001027		NA	100
GML001028		NA	100
GML001029		NA	100
GML001030		NA	100
GML001031		NA	100
GML001032		NA	100
GML001033		NA	100
GML001034		NA	100
GML001035		NA	100
GML001036		NA	100
GML001037		NA	100
GML001038		NA	100
GML001039		NA	100
GML001040		NA	100
GML001041		NA	100
GML001042		NA	100
GML001043		NA	100
GML001044		NA	100
GML001045		NA	100
GML001046		NA	100
GML001047		NA	100
GML001048		NA	100
GML001049		NA	100
GML001050		NA	100
GML001051		NA	100
GML001052		NA	100
GML001053		NA	100
GML001054		NA	100
GML001055	PF00584.26	GO:0006605,GO:0006886,GO:0016020	6
GML001056		NA	100
GML001057	PF00349.28,PF00349.28,PF03727.23,PF03727.23	GO:0005524,GO:0005975	8
GML001058		NA	100
GML001059	PF08154.19	NA	100
GML001060	PF04900.19,PF04900.19,PF18477.8,PF18477.8	GO:0032040	100
GML001061	PF00483.30,PF12804.14,PF25087.2	GO:0009058	8
GML001062	PF02779.30,PF02780.26	NA	100
GML001063	PF06703.17	GO:0005787,GO:0006465,GO:0016020	100
GML001064	PF01105.30	NA	100
GML001065	PF00013.36,PF00013.36,PF22891.3,PF22891.3	GO:0003723	4
GML001066	PF00464.26,PF00464.26	NA	100
GML001067	PF00070.34,PF00070.34,PF02852.29,PF02852.29,PF07992.21,PF07992.21	GO:0016491	8
GML001068	PF00070.34,PF00070.34,PF02852.29,PF07992.21,PF07992.21,PF13738.13,PF13738.13	GO:0016491	8
GML001069	PF02269.23,PF02269.23	GO:0006366	8
GML001070	PF20143.5	NA	100
GML001071	PF00501.35,PF00501.35	NA	100
GML001072	PF00225.30,PF00225.30,PF16796.12	GO:0003777,GO:0005524,GO:0007018,GO:0008017	7
GML001073	PF12348.15,PF17019.11,PF17019.11	NA	100
GML001074	PF12348.15	NA	100
GML001075		NA	100
GML001076		NA	100
GML001077		NA	100
GML001078	PF00583.32,PF08445.17,PF13420.14,PF13508.14,PF13673.14	GO:0016747	8
GML001079	PF23230.1	NA	100
GML001080		NA	100
GML001081		NA	100
GML001082	PF00534.27,PF00982.28	GO:0003824,GO:0005992,GO:0016757	8
GML001083	PF29631.1,PF29632.1	NA	100
GML001084	PF04080.20	GO:0006506	8
GML001085	PF00076.29	GO:0003723	4
GML001086		NA	100
GML001087		NA	100
GML001088		NA	100
GML001089	PF00408.27,PF00408.27,PF02878.23,PF02878.23,PF02878.23,PF02878.23,PF21404.4,PF21404.4	GO:0005975,GO:0016868	8
GML001090	PF01922.24	GO:0006614,GO:0008312,GO:0048500	4
GML001091	PF00069.32,PF00069.32,PF00659.25,PF00659.25,PF01000.32,PF01193.30,PF07714.24,PF07714.24,PF14531.13,PF14531.13	GO:0003899,GO:0004672,GO:0005515,GO:0005524,GO:0006351,GO:0006468,GO:0046983	3
GML001092	PF01000.32,PF01193.30	GO:0003899,GO:0006351,GO:0046983	8
GML001093		NA	100
GML001094	PF03849.20,PF03849.20,PF18307.7,PF18307.7	GO:0000439,GO:0001671,GO:0006289	3
GML001095	PF00270.36,PF00270.36,PF00271.38,PF00271.38,PF04408.30,PF04408.30	GO:0003676,GO:0005524	4
GML001096	PF00155.28	GO:0009058,GO:0030170	8
GML001097	PF02666.21,PF02666.21	GO:0004609,GO:0008654	8
GML001098		NA	100
GML001099	PF01210.30,PF07479.20	GO:0005975,GO:0006072,GO:0016616,GO:0046168,GO:0051287	8
GML001100		NA	100
GML001101	PF17023.11,PF17023.11	NA	100
GML001102		NA	100
GML001103	PF00085.27	NA	100
GML001104		NA	100
GML001105	PF00810.24	GO:0006621,GO:0016020,GO:0046923	100
GML001106	PF04153.25	GO:0006355	100
GML001107		NA	100
GML001108		NA	100
GML001109		NA	100
GML001110	PF08241.19,PF08242.19,PF13649.13	GO:0008757	8
GML001111	PF03006.27,PF03006.27	GO:0016020	100
GML001112		NA	100
GML001113	PF00270.36,PF00271.38,PF04851.22	GO:0003676,GO:0003677,GO:0005524,GO:0016787	4
GML001114	PF02656.21,PF09359.16	NA	100
GML001115	PF01283.25	GO:0003735,GO:0005840,GO:0006412	4
GML001116	PF04049.20,PF04049.20,PF13181.13,PF13181.13	GO:0005515,GO:0005680	100
GML001117	PF00005.34,PF00009.34,PF01061.30,PF03143.24,PF19055.7,PF22594.3	GO:0003924,GO:0005524,GO:0005525,GO:0016020,GO:0016887,GO:0140359	6
GML001118		NA	100
GML001119		NA	100
GML001120		NA	100
GML001121		NA	100
GML001122	PF03109.23	NA	100
GML001123	PF00013.36,PF00995.29,PF00995.29,PF29529.1	GO:0003723,GO:0016192	4
GML001124		NA	100
GML001125		NA	100
GML001126	PF04101.23	GO:0016758	8
GML001127		NA	100
GML001128	PF01496.25,PF01496.25,PF01496.25,PF01496.25	GO:0033179,GO:0046961,GO:1902600	6
GML001129	PF00632.31,PF00632.31,PF00632.31,PF03850.21,PF06012.18,PF06012.18,PF06012.18,PF06025.18,PF06025.18,PF06025.18	GO:0000439,GO:0004842,GO:0006289,GO:0006355	3
GML001130	PF04059.19	NA	100
GML001131	PF06058.20	GO:0000290,GO:0008047,GO:0043085	8
GML001132	PF00400.39,PF09070.17	GO:0005515	100
GML001133		NA	100
GML001134	PF04137.21,PF04137.21,PF04137.21,PF04137.21	GO:0005783,GO:0015035,GO:0016972,GO:0034975,GO:0071949	5
GML001135	PF03878.21	GO:0005789,GO:0006888	6
GML001136	PF03878.21	GO:0005789,GO:0006888	6
GML001137		NA	100
GML001138	PF01189.24,PF01189.24,PF01189.24,PF01399.34,PF01399.34,PF01399.34	NA	100
GML001139	PF02594.22,PF02594.22	NA	100
GML001140	PF00400.39,PF00400.39,PF00400.39,PF00400.39,PF10313.16,PF10313.16	GO:0005515	100
GML001141	PF00289.29,PF00364.29,PF01039.28,PF02222.28,PF02655.20,PF02785.26,PF02786.23,PF07478.19	GO:0005524,GO:0008716,GO:0046872	8
GML001142	PF00289.29,PF00289.29,PF00364.29,PF00364.29,PF01039.28,PF01039.28,PF02222.28,PF02222.28,PF02655.20,PF02655.20,PF02785.26,PF02785.26,PF02786.23,PF02786.23,PF07478.19,PF07478.19	GO:0005524,GO:0008716,GO:0046872	8
GML001143	PF03801.20,PF08553.17	NA	100
GML001144	PF00587.31,PF02403.28	GO:0000166,GO:0004812,GO:0005524,GO:0006418	8
GML001145	PF05670.19,PF05833.17,PF11923.14	NA	100
GML001146		NA	100
GML001147	PF01612.27	GO:0003676,GO:0006139,GO:0008408	4
GML001148	PF01926.30,PF01926.30,PF02421.25,PF06071.20,PF06071.20	GO:0005525	100
GML001149	PF00009.34	GO:0003924,GO:0005525	8
GML001150		NA	100
GML001151		NA	100
GML001152	PF03159.25,PF17846.7,PF17846.7	GO:0003676,GO:0004527	4
GML001153	PF00365.26,PF00365.26	GO:0003872,GO:0006096	3
GML001154	PF00505.26,PF00505.26,PF09011.17,PF09011.17	NA	100
GML001155	PF00270.36,PF00270.36,PF00271.38,PF00271.38,PF04851.22,PF04851.22	GO:0003676,GO:0003677,GO:0005524,GO:0016787	4
GML001156		NA	100
GML001157	PF01253.28,PF21023.3	GO:0003743,GO:0006413	8
GML001158		NA	100
GML001159		NA	100
GML001160	PF02037.34,PF02037.34	NA	100
GML001161	PF01443.25,PF01930.24,PF04851.22,PF08696.18,PF12705.14,PF13086.13,PF13086.13,PF13087.13,PF13087.13,PF13245.13,PF13604.13	GO:0003677,GO:0004386,GO:0005524,GO:0016787	4
GML001162	PF08059.19,PF08059.19,PF08059.19	NA	100
GML001163	PF00134.29	NA	100
GML001164	PF01135.26,PF01135.26,PF02384.23,PF02384.23,PF03602.22,PF03602.22,PF05175.21,PF05175.21,PF06325.20,PF06325.20,PF08241.19,PF13649.13	GO:0003677,GO:0008168,GO:0008170,GO:0008757	4
GML001165		NA	100
GML001166		NA	100
GML001167	PF08706.17,PF08706.17	NA	100
GML001168		NA	100
GML001169	PF01255.25,PF01255.25,PF01255.25,PF01255.25	GO:0016765	8
GML001170		NA	100
GML001171		NA	100
GML001172		NA	100
GML001173	PF03129.26,PF03129.26,PF13393.12,PF13393.12	NA	100
GML001174	PF07851.19	GO:0016020	100
GML001175		NA	100
GML001176	PF01466.25	GO:0006511	8
GML001177	PF00160.27	GO:0000413,GO:0003755	8
GML001178	PF00063.28,PF00063.28,PF00063.28	GO:0003774,GO:0005524,GO:0016459	100
GML001179	PF00383.30,PF03134.25,PF03134.25,PF05383.24,PF05383.24,PF14437.13	NA	100
GML001180		NA	100
GML001181		NA	100
GML001182		NA	100
GML001183	PF00226.37,PF01556.24	NA	100
GML001184	PF00149.34	GO:0016787	8
GML001185	PF00176.30,PF00176.30,PF00271.38,PF00271.38,PF04851.22,PF04851.22,PF11496.15,PF11496.15,PF13892.12,PF13892.12	GO:0003677,GO:0005524,GO:0016787,GO:0070823	4
GML001186		NA	100
GML001187		NA	100
GML001188		NA	100
GML001189	PF00163.25,PF00163.25,PF01479.31,PF01479.31,PF25036.3,PF25036.3	GO:0003723,GO:0019843	4
GML001190	PF03800.21,PF03800.21	GO:0000776,GO:0031262	100
GML001191	PF00831.29,PF03388.22	GO:0003735,GO:0005840,GO:0006412,GO:0016020	4
GML001192	PF02854.26,PF02854.26	GO:0003723,GO:0005515	4
GML001193	PF08238.19,PF08238.19,PF08238.19,PF08238.19	NA	100
GML001194	PF04097.21,PF04097.21	GO:0005643,GO:0017056	7
GML001195	PF08711.17,PF08711.17	NA	100
GML001196	PF04104.20	NA	100
GML001197	PF00587.31,PF03129.26,PF07973.20	GO:0000166,GO:0004812,GO:0005524,GO:0006418,GO:0043039	8
GML001198	PF01253.28	GO:0003743,GO:0006413	8
GML001199	PF00735.25,PF00735.25,PF00735.25,PF01230.30,PF01230.30,PF01230.30,PF11969.14,PF11969.14,PF11969.14	GO:0003824,GO:0005525	8
GML001200		NA	100
GML001201		NA	100
GML001202		NA	100
GML001203	PF01656.30,PF10609.16	NA	100
GML001204		NA	100
GML001205	PF02535.29	GO:0016020,GO:0030001,GO:0046873,GO:0055085	6
GML001206	PF02535.29	GO:0016020,GO:0030001,GO:0046873,GO:0055085	6
GML001207		NA	100
GML001208	PF00899.28	NA	100
GML001209	PF00009.34,PF01926.30,PF11987.14,PF14578.13	GO:0003924,GO:0005525	8
GML001210	PF04098.22	NA	100
GML001211	PF13181.13,PF13181.13,PF13424.13,PF13424.13	GO:0005515	100
GML001212		NA	100
GML001213		NA	100
GML001214	PF01399.34,PF10602.16	NA	100
GML001215		NA	100
GML001216	PF03847.21	GO:0005669,GO:0006352	8
GML001217		NA	100
GML001218	PF00004.36,PF07724.21,PF07728.21,PF16450.12,PF17862.8	GO:0005524,GO:0016887	8
GML001219	PF00916.27,PF00916.27	GO:0016020	100
GML001220		NA	100
GML001221	PF00448.29	GO:0005525,GO:0006614	100
GML001222		NA	100
GML001223	PF00276.26	GO:0003735,GO:0005840,GO:0006412	4
GML001224	PF00069.32,PF00069.32,PF07714.24,PF07714.24,PF13476.13,PF13476.13	GO:0004672,GO:0005524,GO:0006302,GO:0006468,GO:0016887	3
GML001225		NA	100
GML001226		NA	100
GML001227		NA	100
GML001228		NA	100
GML001229		NA	100
GML001230		NA	100
GML001231		NA	100
GML001232		NA	100
GML001233		NA	100
GML001234		NA	100
GML001235	PF00004.36,PF09336.17,PF17862.8	GO:0005524,GO:0016887	8
GML001236	PF00118.30,PF00118.30,PF00808.30	GO:0005524	100
GML001237	PF00808.30	NA	100
GML001238		NA	100
GML001239	PF04153.25,PF04153.25,PF04153.25,PF04153.25	GO:0006355	100
GML001240	PF00025.28,PF00071.29,PF01926.30,PF04670.19,PF08477.20,PF09439.17	GO:0003924,GO:0005525	8
GML001241		NA	100
GML001242		NA	100
GML001243		NA	100
GML001244	PF17007.12,PF17007.12	NA	100
GML001245	PF17007.12,PF17007.12	NA	100
GML001246		NA	100
GML001247	PF02086.22,PF02086.22,PF02475.24,PF02475.24,PF25133.2,PF25133.2	GO:0009007,GO:0009307	3
GML001248		NA	100
GML001249		NA	100
GML001250	PF13874.12	NA	100
GML001251		NA	100
GML001252	PF04061.20	GO:0005789,GO:0016020	100
GML001253		NA	100
GML001254		NA	100
GML001255	PF00352.28,PF00352.28,PF00352.28,PF00352.28,PF00400.39,PF00400.39,PF00400.39,PF00400.39,PF08513.18,PF08513.18	GO:0003677,GO:0005515,GO:0006352	4
GML001256		NA	100
GML001257	PF00566.26	NA	100
GML001258	PF00025.28,PF00025.28,PF00071.29,PF00071.29,PF08477.20,PF08477.20	GO:0003924,GO:0005525	8
GML001259		NA	100
GML001260		NA	100
GML001261		NA	100
GML001262	PF01728.26	GO:0008168,GO:0032259	8
GML001263		NA	100
GML001264	PF00083.31	GO:0016020,GO:0022857,GO:0055085	6
GML001265	PF00137.27,PF00137.27	GO:0015078,GO:0033177,GO:1902600	6
GML001266		NA	100
GML001267		NA	100
GML001268	PF00076.29	GO:0003723	4
GML001269	PF17022.11	NA	100
GML001270	PF00733.28	NA	100
GML001271		NA	100
GML001272		NA	100
GML001273	PF02319.27,PF08781.16	GO:0005667,GO:0006355	100
GML001274	PF00133.29,PF00133.29,PF01406.26,PF01406.26,PF09334.18,PF09334.18,PF09334.18,PF09334.18	GO:0000166,GO:0004812,GO:0005524,GO:0006418	8
GML001275		NA	100
GML001276		NA	100
GML001277		NA	100
GML001278		NA	100
GML001279	PF09368.16	NA	100
GML001280		NA	100
GML001281		NA	100
GML001282		NA	100
GML001283	PF00149.34,PF00149.34,PF00149.34	GO:0016787	8
GML001284	PF06131.17	NA	100
GML001285		NA	100
GML001286		NA	100
GML001287		NA	100
GML001288	PF01221.24	GO:0007017,GO:0030286	100
GML001289	PF04900.19,PF04900.19	GO:0032040	100
GML001290		NA	100
GML001291	PF03219.21,PF03219.21	GO:0005471,GO:0006862,GO:0016020	6
GML001292		NA	100
GML001293		NA	100
GML001294	PF01399.34,PF01399.34,PF25573.1,PF25573.1	NA	100
GML001295	PF00274.26	GO:0004332,GO:0006096	8
GML001296	PF00069.32,PF00069.32,PF00069.32,PF07714.24,PF07714.24,PF07714.24,PF17667.8,PF17667.8	GO:0004672,GO:0005524,GO:0006468	3
GML001297		NA	100
GML001298	PF01770.25	GO:0016020,GO:0051180,GO:0090482	6
GML001299		NA	100
GML001300	PF01112.24	GO:0016787	8
GML001301		NA	100
GML001302	PF00063.28,PF00063.28	GO:0003774,GO:0005524,GO:0016459	100
GML001303	PF00249.38,PF22941.2	NA	100
GML001304	PF00200.29,PF01421.26,PF13574.13,PF13582.13,PF13583.12,PF13688.13	GO:0004222,GO:0006508	5
GML001305	PF01207.24,PF01207.24	NA	100
GML001306	PF00179.32,PF00179.32	NA	100
GML001307	PF00856.34	GO:0005515	100
GML001308		NA	100
GML001309		NA	100
GML001310		NA	100
GML001311		NA	100
GML001312		NA	100
GML001313		NA	100
GML001314	PF07534.23,PF07534.23	NA	100
GML001315	PF03151.23,PF03151.23	NA	100
GML001316		NA	100
GML001317		NA	100
GML001318		NA	100
GML001319		NA	100
GML001320		NA	100
GML001321		NA	100
GML001322		NA	100
GML001323	PF01813.23,PF01813.23	GO:0046961	6
GML001324		NA	100
GML001325		NA	100
GML001326		NA	100
GML001327	PF00270.36,PF00270.36,PF00270.36,PF00270.36,PF00271.38,PF00271.38,PF00271.38,PF00271.38,PF16124.11,PF16124.11,PF16124.11,PF16124.11	GO:0003676,GO:0005524	4
GML001328	PF00270.36,PF00270.36,PF00271.38,PF00271.38,PF13959.12,PF13959.12	GO:0003676,GO:0005524	4
GML001329		NA	100
GML001330		NA	100
GML001331		NA	100
GML001332		NA	100
GML001333		NA	100
GML001334		NA	100
GML001335		NA	100
GML001336		NA	100
GML001337		NA	100
GML001338		NA	100
GML001339		NA	100
GML001340		NA	100
GML001341		NA	100
GML001342		NA	100
GML001343		NA	100
GML001344		NA	100
GML001345		NA	100
GML001346		NA	100
GML001347		NA	100
GML001348		NA	100
GML001349		NA	100
GML001350		NA	100
GML001351		NA	100
GML001352		NA	100
GML001353		NA	100
GML001354		NA	100
GML001355	PF00097.32,PF00097.32,PF06391.19,PF06391.19,PF17121.12,PF17121.12	GO:0046872	100
GML001356		NA	100
GML001357	PF00122.26,PF00689.27,PF00702.33,PF13246.13	NA	100
GML001358	PF00121.25,PF00121.25	GO:0004807	8
GML001359	PF03248.19	GO:0016020	100
GML001360	PF08627.17	NA	100
GML001361		NA	100
GML001362	PF03941.21,PF03941.21	NA	100
GML001363	PF01423.29	NA	100
GML001364	PF00224.28,PF00224.28	GO:0000287,GO:0004743,GO:0006096,GO:0030955	8
GML001365	PF01633.27,PF01636.30	NA	100
GML001366	PF02270.23	NA	100
GML001367	PF00573.28,PF00573.28,PF00573.28	GO:0003735,GO:0005840,GO:0006412	4
GML001368		NA	100
GML001369	PF00675.26,PF05193.27,PF05193.27,PF16187.11,PF22456.2	NA	100
GML001370		NA	100
GML001371		NA	100
GML001372		NA	100
GML001373	PF13181.13,PF13181.13,PF13181.13,PF13181.13,PF13181.13,PF13181.13	GO:0005515	100
GML001374	PF03031.25	NA	100
GML001375	PF21180.4	NA	100
GML001376	PF00179.32,PF00179.32	NA	100
GML001377	PF00186.25,PF00186.25,PF00900.27,PF00900.27,PF16121.11,PF16121.11	GO:0004146,GO:0046654	8
GML001378		NA	100
GML001379		NA	100
GML001380	PF08576.16	NA	100
GML001381		NA	100
GML001382	PF15249.12,PF15249.12	NA	100
GML001383	PF00254.35,PF17800.8	GO:0003755	8
GML001384	PF01775.23	GO:0003735,GO:0005840,GO:0006412	4
GML001385	PF00225.30,PF16796.12	GO:0003777,GO:0005524,GO:0007018,GO:0008017	7
GML001386	PF01192.28	GO:0003677,GO:0003899,GO:0006351	4
GML001387		NA	100
GML001388		NA	100
GML001389		NA	100
GML001390	PF08638.17	NA	100
GML001391		NA	100
GML001392	PF00091.32,PF03953.23	GO:0005525	100
GML001393		NA	100
GML001394	PF00533.34	NA	100
GML001395	PF02463.26,PF13175.13,PF13476.13	GO:0006302,GO:0016887	3
GML001396	PF00096.33,PF00096.33	NA	100
GML001397	PF00883.27	GO:0006508,GO:0046872,GO:0070006	5
GML001398	PF00176.30,PF00270.36,PF00271.38,PF04851.22,PF09111.17,PF21266.4,PF21266.4	GO:0003676,GO:0003677,GO:0005524,GO:0005634,GO:0006338,GO:0016787	4
GML001399	PF00176.30,PF00176.30,PF00270.36,PF00270.36,PF00271.38,PF00271.38,PF04851.22,PF04851.22,PF09111.17,PF09111.17	GO:0003676,GO:0003677,GO:0005524,GO:0005634,GO:0006338,GO:0016787	4
GML001400	PF04437.20,PF04437.20	GO:0006890,GO:0070939	6
GML001401	PF01137.27,PF01137.27,PF01553.27,PF01553.27	GO:0016746	8
GML001402	PF00454.34,PF00454.34,PF02259.30,PF02259.30,PF20175.4,PF20175.4,PF20206.5,PF20206.5,PF20206.5,PF20206.5	GO:0005515	100
GML001403	PF02181.29	NA	100
GML001404		NA	100
GML001405	PF02518.32,PF08676.17,PF08676.17,PF13589.13	GO:0005524,GO:0006298	3
GML001406	PF01170.25	NA	100
GML001407	PF14566.12,PF14566.12,PF14566.12,PF14566.12,PF14566.12,PF14566.12	NA	100
GML001408		NA	100
GML001409	PF00924.25,PF00924.25	GO:0016020,GO:0055085	6
GML001410		NA	100
GML001411		NA	100
GML001412		NA	100
GML001413		NA	100
GML001414		NA	100
GML001415		NA	100
GML001416		NA	100
GML001417		NA	100
GML001418		NA	100
GML001419	PF01138.28,PF01138.28,PF01138.28	NA	100
GML001420	PF01269.24,PF01269.24,PF01778.23,PF04874.20	GO:0003723,GO:0006364,GO:0008168	4
GML001421	PF01443.25,PF13086.13,PF13086.13,PF13087.13,PF13245.13,PF13604.13	GO:0004386,GO:0005524	8
GML001422	PF10198.15	NA	100
GML001423	PF00006.32,PF00006.32,PF02874.30,PF02874.30,PF22919.2,PF22919.2	GO:0005524,GO:0046034,GO:1902600	6
GML001424	PF00125.31,PF00808.30	GO:0003677	4
GML001425		NA	100
GML001426	PF00076.29,PF00076.29,PF00076.29,PF00076.29,PF00076.29,PF00076.29,PF00076.29,PF00076.29,PF00226.37,PF14605.13,PF14605.13	GO:0003723	4
GML001427	PF00070.34,PF00070.34,PF00070.34,PF07992.21,PF07992.21,PF07992.21,PF13738.13,PF13738.13,PF13738.13	GO:0016491	8
GML001428	PF05181.19,PF05181.19	NA	100
GML001429	PF03152.22,PF24842.2	NA	100
GML001430		NA	100
GML001431		NA	100
GML001432		NA	100
GML001433		NA	100
GML001434		NA	100
GML001435	PF25574.2,PF25574.2	NA	100
GML001436	PF01214.24,PF02969.24,PF02969.24,PF07571.20,PF07571.20	GO:0005956,GO:0006367,GO:0019887	8
GML001437		NA	100
GML001438		NA	100
GML001439		NA	100
GML001440		NA	100
GML001441		NA	100
GML001442		NA	100
GML001443	PF00890.31,PF01266.31,PF03798.22,PF16901.11	GO:0016020	100
GML001444		NA	100
GML001445	PF00179.32	NA	100
GML001446	PF00439.31,PF00439.31,PF12157.14,PF12157.14	GO:0005515	100
GML001447	PF00317.27,PF00317.27,PF02867.21,PF02867.21	GO:0004748,GO:0005524,GO:0009263	8
GML001448	PF05002.21	NA	100
GML001449	PF01182.27	GO:0005975	8
GML001450	PF03367.20	GO:0008270	100
GML001451	PF02005.23,PF02005.23	GO:0003723,GO:0008033,GO:0016423	4
GML001452		NA	100
GML001453		NA	100
GML001454		NA	100
GML001455	PF00454.34	NA	100
GML001456	PF03810.26,PF03810.26,PF03810.26	GO:0006886,GO:0031267	6
GML001457		NA	100
GML001458		NA	100
GML001459	PF03031.25	NA	100
GML001460	PF00227.32,PF00227.32	GO:0005839,GO:0030163	8
GML001461		NA	100
GML001462	PF09797.16	NA	100
GML001463	PF03219.21,PF03219.21	GO:0005471,GO:0006862,GO:0016020	6
GML001464	PF15963.12	NA	100
GML001465		NA	100
GML001466	PF04750.20	GO:0016020	100
GML001467	PF04750.20	GO:0016020	100
GML001468	PF00244.27	NA	100
GML001469	PF00188.33,PF00188.33	NA	100
GML001470		NA	100
GML001471		NA	100
GML001472	PF00069.32,PF07714.24,PF12330.15,PF14531.13	GO:0004672,GO:0005524,GO:0006468	3
GML001473		NA	100
GML001474	PF00096.33,PF00096.33	NA	100
GML001475		NA	100
GML001476	PF00899.28,PF00899.28,PF00899.28,PF00899.28,PF00899.28,PF00899.28,PF00899.28,PF00899.28,PF01399.34,PF01399.34,PF09358.16,PF09358.16,PF09358.16,PF09358.16,PF10585.15,PF10585.15,PF10585.15,PF10585.15,PF10585.15,PF10585.15,PF10585.15,PF10585.15,PF22241.3,PF22241.3	NA	100
GML001477	PF01399.34,PF22241.3	NA	100
GML001478	PF00249.38,PF00249.38,PF04433.24,PF04433.24,PF16495.11,PF16495.11	GO:0005515	100
GML001479	PF00995.29	GO:0016192	6
GML001480	PF00069.32,PF07714.24	GO:0004672,GO:0005524,GO:0006468	3
GML001481	PF02906.20	NA	100
GML001482		NA	100
GML001483		NA	100
GML001484		NA	100
GML001485	PF17010.11	NA	100
GML001486		NA	100
GML001487	PF00046.36,PF17800.8	GO:0003677	4
GML001488		NA	100
GML001489		NA	100
GML001490	PF01261.31	NA	100
GML001491	PF01569.28	NA	100
GML001492	PF00134.29,PF00134.29,PF07690.22,PF07690.22	GO:0022857,GO:0055085	6
GML001493		NA	100
GML001494		NA	100
GML001495	PF00270.36,PF00271.38,PF04851.22,PF08148.18,PF22527.3	GO:0003676,GO:0003677,GO:0005524,GO:0016787	4
GML001496	PF00004.36,PF00004.36,PF00004.36,PF07728.21,PF07728.21,PF07728.21,PF16450.12,PF16450.12,PF16450.12,PF17862.8,PF17862.8,PF17862.8	GO:0005524,GO:0016887	8
GML001497		NA	100
GML001498		NA	100
GML001499		NA	100
GML001500	PF00643.30,PF04515.19	GO:0008270,GO:0022857,GO:0055085	6
GML001501		NA	100
GML001502		NA	100
GML001503		NA	100
GML001504		NA	100
GML001505		NA	100
GML001506		NA	100
GML001507		NA	100
GML001508	PF00069.32,PF04495.21,PF04495.21,PF07714.24	GO:0004672,GO:0005524,GO:0006468	3
GML001509	PF05903.21	GO:0008233	8
GML001510		NA	100
GML001511		NA	100
GML001512	PF04934.20	GO:0003712,GO:0006357,GO:0016592	100
GML001513	PF00899.28	NA	100
GML001514	PF00250.25,PF00250.25,PF00250.25	GO:0003700,GO:0006355,GO:0043565	3
GML001515	PF03587.20	GO:0070037,GO:0070475	8
GML001516	PF00022.27	NA	100
GML001517	PF01369.26,PF01369.26	GO:0005085,GO:0032012	100
GML001518		NA	100
GML001519	PF00400.39,PF00400.39,PF00400.39,PF00400.39,PF00400.39,PF00400.39,PF00400.39,PF00400.39,PF00400.39,PF00400.39,PF12894.14,PF12894.14	GO:0005515	100
GML001520		NA	100
GML001521	PF00562.34,PF04560.26,PF04561.20,PF04563.21,PF04565.22	GO:0003677,GO:0003899,GO:0006351	4
GML001522	PF00005.34,PF00005.34	GO:0005524,GO:0016887	8
GML001523		NA	100
GML001524		NA	100
GML001525	PF13445.13,PF13445.13,PF13445.13	NA	100
GML001526		NA	100
GML001527		NA	100
GML001528	PF00493.30,PF01078.28,PF07728.21,PF14551.12,PF17207.10,PF17855.8,PF18263.8	GO:0003677,GO:0005524,GO:0016887	4
GML001529	PF00557.30,PF00557.30,PF00557.30,PF00557.30,PF08512.19,PF08512.19,PF08512.19,PF08512.19,PF08644.18,PF08644.18,PF08644.18,PF08644.18,PF14826.13,PF14826.13,PF18265.7,PF18265.7,PF18265.7,PF18265.7,PF24824.2,PF24824.2,PF24824.2,PF24824.2	NA	100
GML001530	PF02791.23,PF17020.11	NA	100
GML001531		NA	100
GML001532	PF02146.24,PF02146.24,PF12253.14,PF12253.14	GO:0070403	100
GML001533	PF00009.34,PF00025.28,PF00071.29,PF08477.20	GO:0003924,GO:0005525	8
GML001534		NA	100
GML001535		NA	100
GML001536	PF16213.12	NA	100
GML001537	PF00462.31,PF00462.31	NA	100
GML001538		NA	100
GML001539	PF01191.25,PF03871.21	GO:0003677,GO:0003899,GO:0006351	4
GML001540	PF00012.27,PF06723.20	GO:0005524,GO:0016887	8
GML001541	PF02516.21	GO:0016020	100
GML001542		NA	100
GML001543		NA	100
GML001544		NA	100
GML001545	PF00118.30,PF00118.30	GO:0005524	100
GML001546	PF01433.27,PF11838.15,PF17900.7	GO:0008237,GO:0008270	8
GML001547	PF17404.8	NA	100
GML001548	PF04427.24	GO:0006364,GO:0019843	4
GML001549	PF09814.15	NA	100
GML001550		NA	100
GML001551		NA	100
GML001552		NA	100
GML001553	PF17024.11	NA	100
GML001554	PF00226.37,PF21884.3	NA	100
GML001555		NA	100
GML001556	PF00176.30,PF00176.30,PF00271.38,PF00271.38,PF04851.22,PF04851.22,PF11496.15,PF11496.15	GO:0003677,GO:0005524,GO:0016787,GO:0070823	4
GML001557		NA	100
GML001558		NA	100
GML001559		NA	100
GML001560		NA	100
GML001561		NA	100
GML001562		NA	100
GML001563	PF01704.25,PF01704.25	GO:0070569	8
GML001564	PF04006.18	GO:0005634,GO:0005732,GO:0006364,GO:0034457	8
GML001565		NA	100
GML001566	PF03947.25	GO:0003735,GO:0005840,GO:0006412	4
GML001567		NA	100
GML001568		NA	100
GML001569	PF00534.27,PF00534.27,PF13692.13,PF13692.13,PF20706.4,PF20706.4	GO:0016757	8
GML001570		NA	100
GML001571		NA	100
GML001572		NA	100
GML001573	PF01351.26,PF01351.26	GO:0004523	1
GML001574	PF01026.28	GO:0016788	8
GML001575	PF03870.22	GO:0003899,GO:0006351	8
GML001576	PF14360.13,PF14360.13	NA	100
GML001577		NA	100
GML001578	PF23097.2,PF23097.2,PF23098.2,PF23098.2	NA	100
GML001579	PF00488.28,PF00488.28,PF00488.28,PF00488.28,PF00566.26,PF05190.24,PF05190.24,PF05190.24,PF05190.24,PF05192.24,PF05192.24,PF05192.24,PF05192.24,PF10607.15,PF10607.15,PF10607.15,PF10607.15	GO:0005524,GO:0006298,GO:0030983	3
GML001580	PF00621.26,PF00621.26,PF05793.19,PF05793.19,PF05793.19	GO:0003677,GO:0005085,GO:0005634,GO:0006367,GO:0032968	4
GML001581	PF00443.36,PF00443.36,PF00621.26,PF02338.26,PF02338.26,PF13423.13,PF13423.13	GO:0004843,GO:0005085,GO:0016579	8
GML001582		NA	100
GML001583		NA	100
GML001584	PF00069.32,PF00069.32,PF00069.32,PF07714.24,PF07714.24,PF07714.24	GO:0004672,GO:0005524,GO:0006468	3
GML001585	PF00069.32,PF00069.32,PF07714.24,PF07714.24	GO:0004672,GO:0005524,GO:0006468	3
GML001586		NA	100
GML001587	PF00443.36,PF00443.36,PF00443.36,PF00443.36,PF02148.26,PF02148.26,PF02148.26,PF02148.26	GO:0004843,GO:0008270,GO:0016579	8
GML001588		NA	100
GML001589	PF00773.26,PF17849.8	GO:0003723,GO:0004540	1
GML001590	PF00076.29,PF00076.29	GO:0003723	4
GML001591		NA	100
GML001592	PF00752.24,PF00752.24,PF00867.24,PF00867.24	GO:0004518	8
GML001593		NA	100
GML001594		NA	100
GML001595		NA	100
GML001596		NA	100
GML001597		NA	100
GML001598	PF00307.37,PF00307.37,PF00307.37,PF00402.24,PF00402.24,PF00402.24,PF02383.24,PF02383.24	GO:0005515,GO:0016791	8
GML001599	PF00091.32,PF03953.23	GO:0005525	100
GML001600	PF01926.30,PF01926.30,PF02421.25,PF02421.25	GO:0005525	100
GML001601	PF06733.22,PF06733.22,PF13307.13,PF13307.13	GO:0003676,GO:0003677,GO:0003678,GO:0004386,GO:0005524,GO:0006139,GO:0016818	4
GML001602	PF00122.26,PF00122.26,PF13246.13,PF13246.13	NA	100
GML001603		NA	100
GML001604		NA	100
GML001605	PF00924.25,PF00924.25,PF09138.18	GO:0005737,GO:0016020,GO:0034227,GO:0055085	6
GML001606	PF09138.18	GO:0005737,GO:0034227	8
GML001607	PF00270.36,PF00270.36,PF00271.38,PF00271.38,PF04851.22,PF04851.22	GO:0003676,GO:0003677,GO:0005524,GO:0016787	4
GML001608	PF00118.30,PF00118.30	GO:0005524	100
GML001609	PF13519.13,PF13519.13	NA	100
GML001610	PF00164.32	GO:0003735,GO:0005840,GO:0006412	4
GML001611	PF01728.26,PF01728.26,PF03291.23,PF03291.23,PF08241.19,PF08241.19,PF08242.19,PF08242.19,PF13489.13,PF13489.13,PF13649.13,PF13649.13,PF13847.13,PF13847.13	GO:0008168,GO:0008757,GO:0032259	8
GML001612		NA	100
GML001613		NA	100
GML001614		NA	100
GML001615		NA	100
GML001616		NA	100
GML001617		NA	100
GML001618		NA	100
GML001619		NA	100
GML001620		NA	100
GML001621		NA	100
GML001622		NA	100
GML001623		NA	100
GML001624		NA	100
GML001625		NA	100
GML001626		NA	100
GML001627	PF01755.24,PF01755.24	NA	100
GML001628		NA	100
GML001629		NA	100
GML001630		NA	100
GML001631		NA	100
GML001632		NA	100
GML001633		NA	100
GML001634		NA	100
GML001635		NA	100
GML001636		NA	100
GML001637		NA	100
GML001638		NA	100
GML001639		NA	100
GML001640		NA	100
GML001641		NA	100
GML001642		NA	100
GML001643	PF05712.19	NA	100
GML001644	PF00025.28,PF00025.28,PF00025.28,PF00071.29,PF00071.29,PF00071.29,PF00097.32,PF00097.32,PF01926.30,PF01926.30,PF01926.30,PF08477.20,PF08477.20,PF08477.20,PF13445.13,PF13445.13,PF13639.13,PF13639.13,PF13923.13,PF13923.13,PF17021.11,PF17021.11,PF17021.11,PF17123.12,PF17123.12	GO:0003924,GO:0005525,GO:0046872	8
GML001645	PF00046.36	GO:0003677	4
GML001646	PF00118.30,PF00177.28	GO:0005524	100
GML001647		NA	100
GML001648	PF01209.25,PF01209.25,PF02353.27,PF02353.27,PF08241.19,PF08241.19,PF08242.19,PF08242.19,PF12589.14,PF13489.13,PF13649.13,PF13649.13,PF13847.13,PF13847.13	GO:0008757,GO:0016435,GO:0070476	8
GML001649		NA	100
GML001650	PF01416.26,PF01416.26	GO:0001522,GO:0003723,GO:0009451,GO:0009982	4
GML001651		NA	100
GML001652	PF03435.25	NA	100
GML001653		NA	100
GML001654	PF00098.29	GO:0003676,GO:0008270	4
GML001655		NA	100
GML001656		NA	100
GML001657		NA	100
GML001658	PF04140.20,PF04191.19	GO:0004671,GO:0006481,GO:0016020	8
GML001659	PF04140.20,PF04191.19	GO:0004671,GO:0006481,GO:0016020	8
GML001660	PF00009.34,PF02940.22	GO:0003924,GO:0004651,GO:0005525	8
GML001661		NA	100
GML001662		NA	100
GML001663		NA	100
GML001664		NA	100
GML001665	PF00069.32,PF00069.32,PF00130.29,PF00130.29,PF07714.24,PF07714.24	GO:0004672,GO:0005524,GO:0006468	3
GML001666	PF04056.21,PF04056.21,PF13519.13,PF13519.13	NA	100
GML001667	PF02181.29,PF02181.29	NA	100
GML001668	PF01150.24,PF01150.24	GO:0016787	8
GML001669		NA	100
GML001670		NA	100
GML001671		NA	100
GML001672		NA	100
GML001673		NA	100
GML001674		NA	100
GML001675	PF00122.26,PF00702.33	NA	100
GML001676	PF00266.26,PF00266.26,PF00266.26,PF00266.26,PF00849.28,PF00849.28,PF00849.28,PF01041.24,PF01041.24,PF01041.24,PF01041.24	GO:0001522,GO:0003723,GO:0009451,GO:0009982	4
GML001677	PF00270.36,PF00270.36,PF00271.38,PF00271.38,PF05158.19,PF05158.19	GO:0003676,GO:0005524,GO:0005666,GO:0006383	4
GML001678	PF13181.13,PF13181.13,PF13181.13,PF13432.13,PF13432.13,PF13432.13,PF13432.13,PF13432.13,PF13432.13,PF13432.13,PF13432.13,PF13432.13,PF13432.13,PF13432.13,PF13432.13	GO:0005515	100
GML001679	PF13499.13	GO:0005509	100
GML001680	PF27710.1	NA	100
GML001681	PF01198.25	GO:0003735,GO:0005840,GO:0006412	4
GML001682	PF00091.32,PF03953.23	GO:0005525	100
GML001683		NA	100
GML001684		NA	100
GML001685	PF00022.27	NA	100
GML001686	PF00400.39,PF00400.39	GO:0005515	100
GML001687		NA	100
GML001688		NA	100
GML001689		NA	100
GML001690	PF00400.39,PF00400.39,PF00400.39,PF00400.39,PF24805.2	GO:0003743,GO:0005515,GO:0005737,GO:0005852	100
GML001691	PF01246.27,PF01246.27	NA	100
GML001692	PF00999.27	GO:0006812,GO:0015297,GO:0016020,GO:0055085,GO:1902600	6
GML001693		NA	100
GML001694		NA	100
GML001695	PF03568.24,PF03568.24,PF03657.21,PF17833.8	NA	100
GML001696	PF00828.26,PF00828.26	NA	100
GML001697	PF05964.20	GO:0005634	100
GML001698	PF31016.1	NA	100
GML001699	PF12330.15	NA	100
GML001700	PF00488.28,PF00488.28,PF01624.26,PF01624.26,PF05190.24,PF05190.24,PF05192.24,PF05192.24	GO:0005524,GO:0006298,GO:0030983	3
GML001701	PF00005.34,PF00005.34,PF00037.33,PF04068.21	GO:0005524,GO:0016887	8
GML001702		NA	100
GML001703	PF08238.19,PF08238.19,PF08238.19,PF08238.19,PF08238.19	NA	100
GML001704		NA	100
GML001705		NA	100
GML001706	PF00085.27,PF00085.27,PF13848.13,PF13848.13	NA	100
GML001707	PF00270.36,PF00270.36,PF00270.36,PF00271.38,PF00271.38,PF00271.38	GO:0003676,GO:0005524	4
GML001708	PF01926.30,PF08153.18	GO:0005525	100
GML001709	PF01798.24,PF01798.24	NA	100
GML001710	PF00957.28	NA	100
GML001711		NA	100
GML001712	PF00584.26	GO:0006605,GO:0006886,GO:0016020	6
GML001713		NA	100
GML001714		NA	100
GML001715		NA	100
GML001716		NA	100
GML001717		NA	100
GML001718		NA	100
GML001719	PF01553.27	GO:0016746	8
GML001720	PF01553.27	GO:0016746	8
GML001721	PF02902.26	GO:0006508,GO:0008234	5
GML001722		NA	100
GML001723	PF01189.24	NA	100
GML001724		NA	100
GML001725	PF01467.33,PF01467.33,PF01467.33,PF04758.20,PF04758.20	GO:0003735,GO:0003824,GO:0005840,GO:0006412,GO:0009058	4
GML001726		NA	100
GML001727		NA	100
GML001728	PF00415.25,PF00415.25,PF00415.25,PF00415.25,PF00415.25,PF00415.25,PF25390.2,PF25390.2	NA	100
GML001729	PF00303.25	NA	100
GML001730	PF01282.26	GO:0003735,GO:0005840,GO:0006412	4
GML001731	PF00270.36,PF00270.36,PF00270.36,PF00271.38,PF00271.38,PF00271.38,PF04851.22,PF04851.22,PF04851.22	GO:0003676,GO:0003677,GO:0005524,GO:0016787	4
GML001732	PF03095.21,PF03095.21,PF03095.21	GO:0019211	100
GML001733		NA	100
GML001734	PF00328.28,PF00328.28,PF08443.17,PF08443.17,PF18086.8,PF18086.8	NA	100
GML001735	PF06046.20	GO:0000145,GO:0006887	6
GML001736	PF04148.19	GO:0006888,GO:0016020,GO:0097020	6
GML001737		NA	100
GML001738	PF17015.11	NA	100
GML001739	PF00406.30,PF05191.21,PF13207.13	GO:0004017	3
GML001740		NA	100
GML001741	PF01000.32,PF01193.30	GO:0003899,GO:0006351,GO:0046983	8
GML001742	PF00575.30,PF00575.30	GO:0003676	4
GML001743		NA	100
GML001744	PF00400.39,PF00400.39,PF00400.39,PF24105.2	GO:0005515	100
GML001745		NA	100
GML001746		NA	100
GML001747		NA	100
GML001748		NA	100
GML001749		NA	100
GML001750		NA	100
GML001751		NA	100
GML001752	PF06102.18	NA	100
GML001753		NA	100
GML001754	PF00069.32,PF05739.27,PF05739.27,PF05739.27,PF07714.24	GO:0004672,GO:0005524,GO:0006468	3
GML001755	PF03901.24,PF03901.24,PF03901.24	GO:0016757	8
GML001756	PF00579.32	GO:0000166,GO:0004812,GO:0005524,GO:0006418	8
GML001757		NA	100
GML001758		NA	100
GML001759	PF03153.19	GO:0005672,GO:0006367	8
GML001760		NA	100
GML001761		NA	100
GML001762		NA	100
GML001763	PF02585.23	NA	100
GML001764	PF00203.27,PF00467.36,PF16906.12	GO:0003735,GO:0005840,GO:0006412,GO:0015934	4
GML001765	PF00203.27,PF00467.36,PF00467.36,PF16906.12,PF16906.12	GO:0003735,GO:0005840,GO:0006412,GO:0015934	4
GML001766	PF00076.29,PF14327.12	GO:0003723	4
GML001767	PF01602.27	GO:0006886,GO:0016192,GO:0030117	6
GML001768		NA	100
GML001769		NA	100
GML001770	PF00176.30,PF00271.38,PF04851.22,PF16203.12	GO:0003677,GO:0005524,GO:0016787	4
GML001771	PF12906.14	GO:0008270	100
GML001772	PF03602.22,PF03602.22,PF05175.21,PF05175.21,PF05958.18,PF05958.18,PF06325.20,PF06325.20,PF09445.17,PF09445.17,PF13649.13,PF13649.13,PF13847.13,PF13847.13	GO:0001510,GO:0006396,GO:0008168,GO:0008173,GO:0036261	8
GML001773		NA	100
GML001774		NA	100
GML001775	PF00400.39,PF00400.39,PF00400.39,PF00400.39	GO:0005515	100
GML001776	PF17681.7	NA	100
GML001777		NA	100
GML001778	PF01900.25,PF01900.25,PF02551.22,PF15663.12	GO:0001682,GO:0030677	8
GML001779		NA	100
GML001780	PF03224.21,PF03224.21,PF11698.15,PF11698.15	GO:0000221,GO:0046961,GO:1902600	6
GML001781	PF00134.29,PF02984.25	NA	100
GML001782	PF01926.30,PF01926.30	GO:0005525	100
GML001783	PF00069.32,PF00069.32,PF01423.29,PF01423.29,PF03109.23,PF03109.23,PF07714.24,PF07714.24,PF14531.13,PF14531.13	GO:0004672,GO:0005524,GO:0006468	3
GML001784		NA	100
GML001785	PF00561.27,PF00561.27,PF00561.27,PF03959.20,PF03959.20,PF03959.20,PF12146.16,PF12146.16,PF12146.16,PF12697.14,PF12697.14,PF12697.14	NA	100
GML001786		NA	100
GML001787	PF01239.29,PF01239.29,PF15469.13,PF15469.13	GO:0008318,GO:0018342	8
GML001788	PF01239.29	GO:0008318,GO:0018342	8
GML001789	PF08640.18,PF08640.18	NA	100
GML001790	PF03029.24	NA	100
GML001791	PF00383.30,PF14437.13	NA	100
GML001792	PF00098.29,PF00098.29,PF08783.18,PF08783.18,PF13696.12,PF13696.12,PF30896.1,PF30896.1	GO:0003676,GO:0008270	4
GML001793	PF00623.26,PF00623.26,PF04983.24,PF04983.24,PF04997.18,PF04997.18,PF04998.23,PF04998.23,PF05000.23,PF05000.23	GO:0003677,GO:0003899,GO:0006351	4
GML001794		NA	100
GML001795		NA	100
GML001796		NA	100
GML001797		NA	100
GML001798		NA	100
GML001799		NA	100
GML001800		NA	100
GML001801		NA	100
GML001802		NA	100
GML001803		NA	100
GML001804		NA	100
GML001805		NA	100
GML001806		NA	100
GML001807		NA	100
GML001808		NA	100
GML001809		NA	100
GML001810		NA	100
GML001811		NA	100
GML001812		NA	100
GML001813		NA	100
GML001814	PF01066.27,PF01066.27,PF01066.27	GO:0008654,GO:0016020,GO:0016780	8
GML001815	PF01090.26,PF01090.26,PF01090.26,PF10032.15,PF10032.15	GO:0003735,GO:0005783,GO:0005840,GO:0006412,GO:0045047	4
GML001816	PF00293.35	NA	100
GML001817	PF00076.29,PF00162.25,PF00162.25	GO:0003723,GO:0004618,GO:0006096	3
GML001818	PF00227.32	GO:0005839,GO:0030163	8
GML001819		NA	100
GML001820	PF00249.38,PF00249.38,PF13921.13,PF13921.13	NA	100
GML001821	PF00670.28,PF02826.26,PF05221.24,PF05221.24	GO:0051287	100
GML001822	PF00566.26,PF23436.2	NA	100
GML001823		NA	100
GML001824		NA	100
GML001825	PF00806.26,PF00806.26,PF00806.26,PF00806.26,PF00806.26,PF00806.26,PF00806.26,PF00806.26,PF00806.26,PF00806.26,PF00806.26,PF00806.26,PF00806.26,PF00806.26,PF00806.26,PF00806.26,PF22493.3,PF22493.3	GO:0003723	4
GML001826	PF03876.23,PF03876.23	GO:0006351	8
GML001827	PF09133.16	NA	100
GML001828	PF02200.23	GO:0003700,GO:0005634,GO:0006355	3
GML001829	PF00225.30,PF16796.12	GO:0003777,GO:0005524,GO:0007018,GO:0008017	7
GML001830	PF00179.32,PF09763.16	GO:0000145,GO:0006887	6
GML001831	PF00179.32,PF03439.19,PF03439.19,PF03439.19,PF04511.21,PF04511.21,PF11942.14,PF11942.14,PF11942.14,PF23042.3,PF23042.3,PF23042.3,PF23290.2,PF23290.2,PF23290.2	NA	100
GML001832		NA	100
GML001833	PF04427.24	GO:0006364,GO:0019843	4
GML001834	PF21041.4,PF21041.4,PF21041.4	GO:0015631	100
GML001835	PF05653.21,PF05653.21	GO:0015095,GO:0015693,GO:0016020	6
GML001836	PF00096.33,PF00113.29,PF00113.29,PF03952.22,PF03952.22,PF13378.13,PF13378.13	NA	100
GML001837	PF00753.34,PF00753.34,PF07521.18,PF07521.18,PF10996.15,PF10996.15,PF11718.14,PF11718.14,PF16661.12,PF16661.12,PF23023.2,PF23023.2	NA	100
GML001838	PF12832.14,PF12832.14	NA	100
GML001839		NA	100
GML001840		NA	100
GML001841	PF01704.25,PF01704.25	GO:0070569	8
GML001842		NA	100
GML001843	PF04427.24	GO:0006364,GO:0019843	4
GML001844		NA	100
GML001845		NA	100
GML001846		NA	100
GML001847	PF00012.27	GO:0005524,GO:0016887	8
GML001848		NA	100
GML001849	PF00179.32,PF00179.32,PF00179.32,PF00179.32,PF05843.21,PF05843.21	GO:0005634,GO:0006396	8
GML001850	PF05843.21,PF05843.21	GO:0005634,GO:0006396	8
GML001851	PF17002.11	NA	100
GML001852		NA	100
GML001853	PF02833.20	GO:0005737,GO:0016462	8
GML001854	PF01247.25	GO:0003735,GO:0005840,GO:0006412	4
GML001855	PF00227.32,PF00227.32	GO:0005839,GO:0030163	8
GML001856		NA	100
GML001857		NA	100
GML001858	PF01204.25,PF01204.25,PF01204.25,PF07492.17,PF07492.17,PF22422.3,PF22422.3,PF22422.3	GO:0004555,GO:0005509,GO:0005737,GO:0005991,GO:0005993	8
GML001859		NA	100
GML001860	PF00226.37,PF00226.37,PF12171.15,PF12171.15,PF12874.14,PF12874.14,PF21884.3,PF21884.3	NA	100
GML001861		NA	100
GML001862		NA	100
GML001863		NA	100
GML001864		NA	100
GML001865	PF00270.36,PF00270.36,PF00270.36,PF00270.36,PF00271.38,PF00271.38,PF00271.38,PF00271.38,PF00583.32,PF00583.32,PF00583.32,PF00583.32,PF00583.32,PF04055.28,PF04055.28,PF04055.28,PF04055.28,PF04055.28,PF16199.11,PF16199.11,PF16199.11,PF16199.11,PF16199.11,PF23613.2,PF23613.2,PF23613.2,PF23613.2	GO:0003676,GO:0003824,GO:0005524,GO:0016747,GO:0051536	4
GML001866	PF00270.36,PF00271.38	GO:0003676,GO:0005524	4
GML001867	PF03297.22	NA	100
GML001868	PF00312.28,PF08069.18	GO:0003735,GO:0005840,GO:0006412	4
GML001869		NA	100
GML001870		NA	100
GML001871	PF01398.27,PF14464.12	GO:0005515,GO:0008233,GO:0008237	8
GML001872		NA	100
GML001873		NA	100
GML001874	PF02463.26,PF02463.26,PF02463.26,PF13175.13,PF13175.13,PF13175.13,PF13476.13,PF13476.13,PF13476.13	GO:0006302,GO:0016887	3
GML001875		NA	100
GML001876	PF00097.32,PF00097.32,PF00320.34,PF00320.34,PF13445.13,PF13445.13,PF13639.13,PF13639.13,PF13923.13,PF13923.13,PF17123.12,PF17123.12	GO:0006355,GO:0043565,GO:0046872	4
GML001877	PF00320.34	GO:0006355,GO:0043565	4
GML001878		NA	100
GML001879	PF17031.11	NA	100
GML001880	PF01876.24,PF01876.24	GO:0008033	8
GML001881	PF01602.27,PF07718.19,PF14806.12	GO:0005198,GO:0006886,GO:0016192,GO:0030117,GO:0030126	6
GML001882	PF00400.39,PF00400.39,PF00400.39,PF00400.39	GO:0005515	100
GML001883	PF00106.32,PF01370.28,PF08659.17,PF13561.13	NA	100
GML001884		NA	100
GML001885		NA	100
GML001886	PF00493.30,PF01078.28,PF02463.26,PF06470.19,PF13175.13,PF13304.13,PF17207.10,PF17855.8	GO:0003677,GO:0005515,GO:0005524,GO:0005694,GO:0016887,GO:0051276	4
GML001887	PF01866.23,PF01866.23	GO:0017183,GO:0090560	8
GML001888	PF17030.12	NA	100
GML001889	PF01416.26,PF01416.26	GO:0001522,GO:0003723,GO:0009451,GO:0009982	4
GML001890	PF03105.25,PF03105.25,PF03105.25,PF03105.25,PF03124.21,PF03124.21	GO:0016020	100
GML001891	PF01151.24	GO:0009922,GO:0016020	8
GML001892	PF01916.24	GO:0008612	8
GML001893	PF00534.27,PF03484.22,PF17759.7,PF18262.8	GO:0000287,GO:0003723,GO:0005524,GO:0006432,GO:0016757	4
GML001894	PF00534.27,PF00534.27	GO:0016757	8
GML001895		NA	100
GML001896		NA	100
GML001897		NA	100
GML001898		NA	100
GML001899	PF01992.22,PF01992.22	GO:0046961	6
GML001900		NA	100
GML001901	PF04939.18,PF04939.18	GO:0005515,GO:0005634,GO:0042254	100
GML001902		NA	100
GML001903	PF00534.27,PF13692.13	GO:0016757	8
GML001904		NA	100
GML001905	PF00439.31,PF00439.31,PF00439.31,PF00439.31,PF17035.11,PF17035.11	GO:0005515	100
GML001906	PF00227.32,PF00227.32	GO:0005839,GO:0030163	8
GML001907	PF00069.32,PF07714.24	GO:0004672,GO:0005524,GO:0006468	3
GML001908	PF00076.29,PF00076.29,PF00076.29,PF00252.25,PF00252.25,PF00252.25,PF00439.31,PF00439.31	GO:0003723,GO:0005515	4
GML001909		NA	100
GML001910		NA	100
GML001911	PF07540.17,PF07540.17	NA	100
GML001912		NA	100
GML001913		NA	100
GML001914	PF02671.27,PF02671.27,PF02671.27,PF08295.18	GO:0006355	100
GML001915		NA	100
GML001916		NA	100
GML001917	PF00753.34,PF00753.34	NA	100
GML001918	PF08603.17	GO:0003779,GO:0007010	7
GML001919		NA	100
GML001920	PF00097.32	GO:0046872	100
GML001921		NA	100
